Unnamed: 0,temp_to_estimate,dist_to_central_station,year,month,week,day_of_year,day_of_month,day_of_week,hour,complete_timestamp(YYYY_M_DD_HH_M),barometer_hpa,temp_centr,hightemp_centr,lowtemp_centr,hum,dewpoint__c,wetbulb_c,windspeed_km_h,windrun_km,highwindspeed_km_h,windchill_c,heatindex_c,thwindex_c,thswindex_c,rain_mm,rain_rate_mm_h,solar_rad_w_m_2,solar_energy_ly,high_solar_rad_w_m_2,ET_Mm,heating_degree_days,cooling_degree_days,humidity_rh,solar_klux,timestamp
55,21.909,1101,2021,8,34,239,27,5,0,2021_8_27_0_0,1004.5,22.4,22.5,22.4,72,17.1,18.6,8.0,2.01,19.3,22.4,22.9,22.9,21.6,0.0,0.0,0,0.0,0,0.05,0.0,0.042,72.8,0,2021-08-27 00:00:00
56,22.052,1101,2021,8,34,239,27,5,0,2021_8_27_0_1,1004.6,22.3,22.4,22.3,72,17.0,18.5,8.0,2.01,17.7,22.3,22.8,22.8,21.5,0.0,0.0,0,0.0,0,0.0,0.0,0.042,73.2,0,2021-08-27 00:01:00
57,21.942,1101,2021,8,34,239,27,5,0,2021_8_27_0_2,1004.5,22.3,22.4,22.2,73,17.2,18.6,8.0,2.01,17.7,22.3,22.8,22.8,21.5,0.0,0.0,0,0.0,0,0.0,0.0,0.041,72.8,0,2021-08-27 00:02:00
58,21.521,1101,2021,8,34,239,27,5,0,2021_8_27_0_3,1004.5,22.1,22.3,22.1,74,17.2,18.6,8.0,2.01,19.3,22.1,22.6,22.6,21.3,0.0,0.0,0,0.0,0,0.0,0.0,0.039,73.7,0,2021-08-27 00:03:00
99,21.279,1101,2021,8,34,239,27,5,1,2021_8_27_1_0,1004.6,21.9,22.1,21.8,75,17.3,18.6,8.0,2.01,16.1,21.9,22.4,22.4,21.2,0.0,0.0,0,0.0,0,0.05,0.0,0.037,75.3,0,2021-08-27 01:00:00
100,20.926,1101,2021,8,34,239,27,5,1,2021_8_27_1_1,1004.7,21.7,21.9,21.6,76,17.3,18.5,8.0,2.01,16.1,21.7,22.2,22.2,21.0,0.0,0.0,0,0.0,0,0.0,0.0,0.035,76.6,0,2021-08-27 01:01:00
101,21.172,1101,2021,8,34,239,27,5,1,2021_8_27_1_2,1004.8,21.6,21.7,21.6,76,17.2,18.5,8.0,2.01,16.1,21.6,22.2,22.2,20.9,0.0,0.0,0,0.0,0,0.0,0.0,0.034,75.9,0,2021-08-27 01:02:00
102,21.148,1101,2021,8,34,239,27,5,1,2021_8_27_1_3,1004.7,21.7,21.7,21.6,76,17.3,18.5,8.0,2.01,17.7,21.7,22.2,22.2,21.0,0.0,0.0,0,0.0,0,0.0,0.0,0.035,76.4,0,2021-08-27 01:03:00
119,20.963,1101,2021,8,34,239,27,5,2,2021_8_27_2_0,1004.6,21.4,21.7,21.3,77,17.2,18.4,4.8,1.21,16.1,21.4,22.0,22.0,20.7,0.0,0.0,0,0.0,0,0.05,0.0,0.032,79.0,0,2021-08-27 02:00:00
120,20.568,1101,2021,8,34,239,27,5,2,2021_8_27_2_1,1004.6,21.2,21.4,21.2,78,17.2,18.3,6.4,1.61,14.5,21.2,21.8,21.8,20.5,0.0,0.0,0,0.0,0,0.0,0.0,0.03,79.6,0,2021-08-27 02:01:00
121,20.46,1101,2021,8,34,239,27,5,2,2021_8_27_2_2,1004.5,21.2,21.2,21.1,78,17.2,18.3,6.4,1.61,16.1,21.2,21.8,21.8,20.5,0.0,0.0,0,0.0,0,0.0,0.0,0.03,79.2,0,2021-08-27 02:02:00
122,20.694,1101,2021,8,34,239,27,5,2,2021_8_27_2_3,1004.4,21.2,21.2,21.2,78,17.2,18.3,6.4,1.61,17.7,21.2,21.8,21.8,20.5,0.0,0.0,0,0.0,0,0.0,0.0,0.03,78.7,0,2021-08-27 02:03:00
123,20.732,1101,2021,8,34,239,27,5,3,2021_8_27_3_0,1004.5,21.2,21.2,21.2,77,17.0,18.2,6.4,1.61,16.1,21.2,21.8,21.8,20.5,0.0,0.0,0,0.0,0,0.03,0.0,0.03,78.9,0,2021-08-27 03:00:00
124,20.921,1101,2021,8,34,239,27,5,3,2021_8_27_3_1,1004.8,21.3,21.3,21.2,74,16.5,17.9,9.7,2.41,25.7,21.3,21.7,21.7,20.4,0.0,0.0,0,0.0,0,0.0,0.0,0.031,75.6,0,2021-08-27 03:01:00
125,20.755,1101,2021,8,34,239,27,5,3,2021_8_27_3_2,1004.8,21.0,21.3,21.0,75,16.4,17.7,12.9,3.22,25.7,20.6,21.5,21.0,19.8,0.0,0.0,0,0.0,0,0.0,0.0,0.028,74.6,0,2021-08-27 03:02:00
126,20.167,1101,2021,8,34,239,27,5,3,2021_8_27_3_3,1004.9,20.2,21.0,20.2,77,16.0,17.3,14.5,3.62,27.4,19.4,20.7,19.9,18.7,0.0,0.0,0,0.0,0,0.0,0.0,0.019,75.6,0,2021-08-27 03:03:00
127,19.774,1101,2021,8,34,239,27,5,4,2021_8_27_4_0,1005.4,19.7,20.2,19.7,80,16.2,17.3,14.5,3.62,32.2,19.0,20.3,19.5,18.4,0.0,0.0,0,0.0,0,0.05,0.0,0.014,77.9,0,2021-08-27 04:00:00
128,19.738,1101,2021,8,34,239,27,5,4,2021_8_27_4_1,1005.9,19.6,19.7,19.6,80,16.1,17.2,14.5,3.62,24.1,18.9,20.2,19.4,18.2,0.0,0.0,0,0.0,0,0.0,0.0,0.013,77.9,0,2021-08-27 04:01:00
129,19.52,1101,2021,8,34,239,27,5,4,2021_8_27_4_2,1006.2,19.3,19.6,19.3,80,15.8,16.9,14.5,3.62,25.7,18.6,19.9,19.1,17.9,0.0,0.0,0,0.0,0,0.0,0.0,0.01,78.2,0,2021-08-27 04:02:00
130,19.075,1101,2021,8,34,239,27,5,4,2021_8_27_4_3,1006.3,18.8,19.3,18.8,81,15.5,16.6,14.5,3.62,30.6,18.1,19.3,18.6,17.3,0.0,0.0,0,0.0,0,0.0,0.0,0.005,78.8,0,2021-08-27 04:03:00
131,18.827,1101,2021,8,34,239,27,5,5,2021_8_27_5_0,1006.4,18.6,18.8,18.6,82,15.4,16.4,14.5,3.62,29.0,17.8,18.9,18.2,17.0,0.0,0.0,0,0.0,0,0.05,0.0,0.002,79.8,0,2021-08-27 05:00:00
132,18.793,1101,2021,8,34,239,27,5,5,2021_8_27_5_1,1006.6,18.4,18.6,18.4,82,15.3,16.3,16.1,4.02,32.2,17.2,18.8,17.6,16.4,0.0,0.0,0,0.0,0,0.0,0.0,0.001,80.9,0,2021-08-27 05:01:00
133,18.515,1101,2021,8,34,239,27,5,5,2021_8_27_5_2,1006.6,18.2,18.5,18.2,82,15.1,16.1,12.9,3.22,24.1,17.9,18.5,18.2,16.9,0.0,0.0,0,0.0,0,0.0,0.001,0.0,80.5,0,2021-08-27 05:02:00
134,18.228,1101,2021,8,34,239,27,5,5,2021_8_27_5_3,1006.7,18.0,18.2,17.9,83,15.1,16.0,12.9,3.22,22.5,17.6,18.3,17.9,16.6,0.0,0.0,0,0.0,0,0.0,0.003,0.0,81.7,0,2021-08-27 05:03:00
135,17.99,1101,2021,8,34,239,27,5,6,2021_8_27_6_0,1006.8,17.8,18.0,17.8,84,15.1,16.0,12.9,3.22,24.1,17.4,18.1,17.7,16.4,0.0,0.0,0,0.0,0,0.03,0.005,0.0,82.5,0,2021-08-27 06:00:00
136,18.03,1101,2021,8,34,239,27,5,6,2021_8_27_6_1,1006.9,17.9,17.9,17.8,82,14.8,15.8,12.9,3.22,24.1,17.5,18.1,17.8,16.5,0.0,0.0,0,0.0,0,0.0,0.005,0.0,81.5,0,2021-08-27 06:01:00
137,18.118,1101,2021,8,34,239,27,5,6,2021_8_27_6_2,1007.2,18.1,18.1,17.9,81,14.8,15.9,12.9,3.22,25.7,17.8,18.4,18.0,16.7,0.0,0.0,0,0.0,0,0.0,0.002,0.0,79.8,0,2021-08-27 06:02:00
138,18.154,1101,2021,8,34,239,27,5,6,2021_8_27_6_3,1007.3,18.1,18.2,18.1,81,14.8,15.9,12.9,3.22,24.1,17.8,18.4,18.0,16.7,0.0,0.0,0,0.0,0,0.0,0.002,0.0,80.4,0,2021-08-27 06:03:00
139,17.968,1101,2021,8,34,239,27,5,7,2021_8_27_7_0,1007.6,17.8,18.1,17.8,82,14.7,15.7,14.5,3.62,25.7,16.9,18.0,17.1,15.9,0.0,0.0,0,0.0,0,0.03,0.006,0.0,81.9,0,2021-08-27 07:00:00
140,17.803,1101,2021,8,34,239,27,5,7,2021_8_27_7_1,1007.8,17.5,17.8,17.4,84,14.8,15.7,11.3,2.82,20.9,17.5,17.7,17.7,16.8,0.0,0.0,4,0.09,14,0.0,0.009,0.0,83.0,1,2021-08-27 07:01:00
141,17.72,1101,2021,8,34,239,27,5,7,2021_8_27_7_2,1007.9,17.3,17.5,17.2,84,14.5,15.5,12.9,3.22,22.5,16.8,17.5,17.0,16.5,0.0,0.0,20,0.43,25,0.0,0.011,0.0,82.0,1,2021-08-27 07:02:00
142,17.721,1101,2021,8,34,239,27,5,7,2021_8_27_7_3,1007.8,17.3,17.3,17.2,83,14.4,15.3,12.9,3.22,27.4,16.8,17.5,16.9,16.6,0.0,0.0,24,0.52,25,0.0,0.011,0.0,82.1,1,2021-08-27 07:03:00
143,17.576,1101,2021,8,34,239,27,5,8,2021_8_27_8_0,1008.1,17.3,17.4,17.3,83,14.4,15.4,12.9,3.22,29.0,16.8,17.5,17.0,16.5,0.0,0.0,19,0.41,25,0.03,0.01,0.0,83.8,0,2021-08-27 08:00:00
144,17.471,1101,2021,8,34,239,27,5,8,2021_8_27_8_1,1008.4,17.3,17.4,17.3,83,14.4,15.4,11.3,2.82,22.5,17.3,17.5,17.5,16.7,0.0,0.0,13,0.28,18,0.0,0.01,0.0,82.8,1,2021-08-27 08:01:00
145,17.553,1101,2021,8,34,239,27,5,8,2021_8_27_8_2,1008.3,17.3,17.3,17.2,82,14.2,15.2,12.9,3.22,20.9,16.8,17.4,16.9,16.4,0.0,0.0,21,0.45,33,0.0,0.011,0.0,81.5,2,2021-08-27 08:02:00
146,17.684,1101,2021,8,34,239,27,5,8,2021_8_27_8_3,1008.6,17.2,17.3,17.2,83,14.3,15.2,11.3,2.82,22.5,17.1,17.3,17.2,17.0,0.0,0.0,39,0.84,47,0.0,0.012,0.0,84.1,1,2021-08-27 08:03:00
147,17.39,1101,2021,8,34,239,27,5,9,2021_8_27_9_0,1008.3,16.7,17.2,16.7,85,14.2,15.1,12.9,3.22,25.7,16.1,16.8,16.2,15.9,0.0,0.0,37,0.8,56,0.05,0.017,0.0,83.0,3,2021-08-27 09:00:00
148,17.052,1101,2021,8,34,239,27,5,9,2021_8_27_9_1,1008.9,16.4,16.7,16.4,87,14.3,15.0,11.3,2.82,22.5,16.2,16.6,16.4,16.1,0.0,0.0,42,0.9,65,0.0,0.02,0.0,86.2,1,2021-08-27 09:01:00
149,16.57,1101,2021,8,34,239,27,5,9,2021_8_27_9_2,1009.0,16.0,16.4,16.0,89,14.2,14.8,9.7,2.41,24.1,15.8,16.2,16.0,15.3,1.0,11.4,20,0.43,26,0.0,0.024,0.0,90.4,2,2021-08-27 09:02:00
150,16.86,1101,2021,8,34,239,27,5,9,2021_8_27_9_3,1009.0,15.7,16.0,15.7,92,14.4,14.9,8.0,2.01,17.7,15.7,16.0,16.0,15.7,2.4,13.4,48,1.03,69,0.0,0.027,0.0,91.2,3,2021-08-27 09:03:00
59,16.695,1101,2021,8,34,239,27,5,10,2021_8_27_10_0,1009.0,15.6,15.7,15.6,92,14.3,14.7,11.3,2.82,19.3,15.1,15.8,15.4,15.3,1.8,20.6,57,1.23,69,0.03,0.029,0.0,91.5,3,2021-08-27 10:00:00
60,16.862,1101,2021,8,34,239,27,5,10,2021_8_27_10_1,1009.6,15.6,15.6,15.5,91,14.1,14.6,11.3,2.82,20.9,15.1,15.8,15.3,15.2,0.2,2.2,57,1.23,63,0.0,0.029,0.0,90.1,4,2021-08-27 10:01:00
61,17.226,1101,2021,8,34,239,27,5,10,2021_8_27_10_2,1010.1,15.8,15.8,15.6,93,14.6,15.0,8.0,2.01,17.7,15.8,16.1,16.1,16.3,0.8,3.2,83,1.79,91,0.0,0.027,0.0,91.7,5,2021-08-27 10:02:00
62,17.418,1101,2021,8,34,239,27,5,10,2021_8_27_10_3,1010.0,15.9,15.9,15.8,92,14.6,15.0,9.7,2.41,16.1,15.7,16.2,16.0,16.4,0.4,2.8,94,2.02,100,0.0,0.025,0.0,90.7,5,2021-08-27 10:03:00
63,17.613,1101,2021,8,34,239,27,5,11,2021_8_27_11_0,1010.1,16.0,16.0,15.9,92,14.7,15.2,8.0,2.01,16.1,16.0,16.3,16.3,16.8,0.2,1.8,104,2.24,128,0.05,0.024,0.0,89.7,10,2021-08-27 11:00:00
64,19.019,1101,2021,8,34,239,27,5,11,2021_8_27_11_1,1010.1,16.4,16.4,16.0,91,15.0,15.5,8.0,2.01,16.1,16.4,16.8,16.8,18.3,0.0,0.0,177,3.81,202,0.0,0.02,0.0,87.4,6,2021-08-27 11:01:00
65,18.072,1101,2021,8,34,239,27,5,11,2021_8_27_11_2,1009.8,16.5,16.5,16.4,89,14.7,15.3,8.0,2.01,12.9,16.5,16.8,16.8,17.3,0.0,0.0,106,2.28,135,0.0,0.019,0.0,86.9,7,2021-08-27 11:02:00
66,18.895,1101,2021,8,34,239,27,5,11,2021_8_27_11_3,1010.1,16.8,16.8,16.4,90,15.1,15.7,6.4,1.61,12.9,16.8,17.1,17.1,18.2,0.0,0.0,147,3.16,178,0.0,0.016,0.0,86.1,13,2021-08-27 11:03:00
67,21.575,1101,2021,8,34,239,27,5,12,2021_8_27_12_0,1010.9,17.5,17.5,16.8,89,15.7,16.3,6.4,1.61,12.9,17.5,17.9,17.9,20.6,0.0,0.0,268,5.76,348,0.1,0.009,0.0,80.5,18,2021-08-27 12:00:00
68,20.618,1101,2021,8,34,239,27,5,12,2021_8_27_12_1,1010.5,17.9,17.9,17.5,87,15.7,16.4,8.0,2.01,19.3,17.9,18.3,18.3,21.0,0.0,0.0,278,5.98,362,0.0,0.005,0.0,78.7,15,2021-08-27 12:01:00
69,21.243,1101,2021,8,34,239,27,5,12,2021_8_27_12_2,1010.9,18.3,18.3,17.9,84,15.6,16.5,9.7,2.41,19.3,18.3,18.7,18.7,21.5,0.0,0.0,285,6.13,313,0.0,0.0,0.0,77.7,22,2021-08-27 12:02:00
70,21.979,1101,2021,8,34,239,27,5,12,2021_8_27_12_3,1010.9,19.1,19.1,18.3,81,15.7,16.8,9.7,2.41,17.7,19.1,19.5,19.5,22.9,0.0,0.0,331,7.12,381,0.0,0.0,0.008,65.8,19,2021-08-27 12:03:00
71,23.166,1101,2021,8,34,239,27,5,13,2021_8_27_13_0,1010.8,19.4,19.4,19.1,74,14.7,16.2,12.9,3.22,24.1,19.1,19.7,19.3,23.3,0.0,0.0,421,9.06,473,0.25,0.0,0.012,62.9,17,2021-08-27 13:00:00
72,23.758,1101,2021,8,34,239,27,5,13,2021_8_27_13_1,1010.4,19.4,19.4,19.3,75,14.9,16.3,12.9,3.22,22.5,19.1,19.7,19.4,22.9,0.0,0.0,379,8.15,455,0.0,0.0,0.012,61.8,14,2021-08-27 13:01:00
73,22.298,1101,2021,8,34,239,27,5,13,2021_8_27_13_2,1010.5,19.6,19.6,19.3,75,15.0,16.4,11.3,2.82,19.3,19.6,19.9,19.9,23.4,0.0,0.0,357,7.68,868,0.0,0.0,0.013,59.9,33,2021-08-27 13:02:00
74,23.892,1101,2021,8,34,239,27,5,13,2021_8_27_13_3,1011.8,20.7,20.7,19.6,69,14.8,16.5,9.7,2.41,19.3,20.7,20.9,20.9,27.0,0.0,0.0,833,17.92,867,0.0,0.0,0.024,53.5,64,2021-08-27 13:03:00
75,25.054,1101,2021,8,34,239,27,5,14,2021_8_27_14_0,1010.6,20.8,20.8,20.6,72,15.5,17.1,11.3,2.82,20.9,20.8,21.1,21.1,27.3,0.0,0.0,800,17.21,816,0.38,0.0,0.025,51.1,62,2021-08-27 14:00:00
76,23.921,1101,2021,8,34,239,27,5,14,2021_8_27_14_1,1010.4,20.9,20.9,20.8,70,15.2,16.9,12.9,3.22,22.5,20.5,21.1,20.6,26.5,0.0,0.0,795,17.1,807,0.0,0.0,0.027,50.1,61,2021-08-27 14:01:00
77,24.385,1101,2021,8,34,239,27,5,14,2021_8_27_14_2,1010.8,21.2,21.2,20.9,70,15.5,17.2,11.3,2.82,20.9,21.2,21.4,21.4,27.5,0.0,0.0,778,16.74,793,0.0,0.0,0.03,49.8,48,2021-08-27 14:02:00
78,24.96,1101,2021,8,34,239,27,5,14,2021_8_27_14_3,1010.9,21.8,21.8,21.2,67,15.4,17.2,8.0,2.01,17.7,21.8,21.9,21.9,28.1,0.0,0.0,772,16.61,777,0.0,0.0,0.036,49.2,57,2021-08-27 14:03:00
79,23.943,1101,2021,8,34,239,27,5,15,2021_8_27_15_0,1010.5,21.8,22.1,21.8,66,15.2,17.1,8.0,2.01,17.7,21.8,21.9,21.9,28.1,0.0,0.0,752,16.18,765,0.51,0.0,0.036,49.4,53,2021-08-27 15:00:00
80,24.755,1101,2021,8,34,239,27,5,15,2021_8_27_15_1,1010.2,21.7,21.9,21.7,67,15.3,17.1,9.7,2.41,16.1,21.7,21.8,21.8,28.0,0.0,0.0,722,15.53,731,0.0,0.0,0.035,50.5,52,2021-08-27 15:01:00
81,25.365,1101,2021,8,34,239,27,5,15,2021_8_27_15_2,1010.4,22.0,22.0,21.7,69,16.0,17.7,9.7,2.41,20.9,22.0,22.2,22.2,28.4,0.0,0.0,716,15.4,737,0.0,0.0,0.038,48.6,50,2021-08-27 15:02:00
82,25.242,1101,2021,8,34,239,27,5,15,2021_8_27_15_3,1010.2,22.0,22.3,21.9,68,15.8,17.6,8.0,2.01,19.3,22.0,22.2,22.2,28.3,0.0,0.0,692,14.89,733,0.0,0.0,0.038,49.0,19,2021-08-27 15:03:00
83,24.984,1101,2021,8,34,239,27,5,16,2021_8_27_16_0,1010.2,21.9,22.2,21.7,69,15.9,17.6,8.0,2.01,14.5,21.9,22.1,22.1,27.1,0.0,0.0,441,9.49,714,0.41,0.0,0.037,50.6,46,2021-08-27 16:00:00
84,24.868,1101,2021,8,34,239,27,5,16,2021_8_27_16_1,1009.9,21.9,22.0,21.9,67,15.5,17.3,8.0,2.01,14.5,21.9,22.0,22.0,27.7,0.0,0.0,509,10.95,684,0.0,0.0,0.037,52.0,30,2021-08-27 16:01:00
85,25.554,1101,2021,8,34,239,27,5,16,2021_8_27_16_2,1010.5,22.4,22.5,21.7,66,15.8,17.6,6.4,1.61,12.9,22.4,22.7,22.7,28.7,0.0,0.0,551,11.85,643,0.0,0.0,0.043,53.1,11,2021-08-27 16:02:00
86,25.91,1101,2021,8,34,239,27,5,16,2021_8_27_16_3,1010.2,22.3,22.5,21.9,67,15.9,17.6,8.0,2.01,16.1,22.3,22.5,22.5,27.4,0.0,0.0,394,8.48,626,0.0,0.0,0.041,54.6,31,2021-08-27 16:03:00
87,22.17,1101,2021,8,34,239,27,5,17,2021_8_27_17_0,1009.2,21.5,22.4,21.5,70,15.8,17.4,6.4,1.61,16.1,21.5,21.7,21.7,23.5,0.0,0.0,157,3.38,445,0.28,0.0,0.033,61.9,8,2021-08-27 17:00:00
88,25.183,1101,2021,8,34,239,27,5,17,2021_8_27_17_1,1010.2,22.2,22.3,21.4,67,15.8,17.6,6.4,1.61,14.5,22.2,22.4,22.4,27.6,0.0,0.0,389,8.37,513,0.0,0.0,0.041,56.9,12,2021-08-27 17:01:00
89,23.954,1101,2021,8,34,239,27,5,17,2021_8_27_17_2,1009.8,22.3,22.4,22.2,66,15.6,17.5,6.4,1.61,12.9,22.3,22.5,22.5,26.8,0.0,0.0,303,6.52,432,0.0,0.0,0.041,58.5,6,2021-08-27 17:02:00
90,22.803,1101,2021,8,34,239,27,5,17,2021_8_27_17_3,1009.9,22.1,22.3,21.9,67,15.7,17.5,4.8,1.21,9.7,22.1,22.3,22.3,26.2,0.0,0.0,259,5.57,399,0.0,0.0,0.039,61.1,14,2021-08-27 17:03:00
91,24.306,1101,2021,8,34,239,27,5,18,2021_8_27_18_0,1010.0,22.7,22.7,22.1,66,16.0,17.8,4.8,1.21,12.9,22.7,23.0,23.0,28.1,0.0,0.0,363,7.81,388,0.23,0.0,0.045,59.8,14,2021-08-27 18:00:00
92,22.48,1101,2021,8,34,239,27,5,18,2021_8_27_18_1,1009.7,22.3,22.7,22.3,66,15.6,17.5,4.8,1.21,12.9,22.3,22.5,22.5,26.6,0.0,0.0,249,5.36,313,0.0,0.0,0.041,65.8,8,2021-08-27 18:01:00
93,22.339,1101,2021,8,34,239,27,5,18,2021_8_27_18_2,1009.6,21.8,22.3,21.8,68,15.7,17.4,4.8,1.21,11.3,21.8,22.0,22.0,25.4,0.0,0.0,196,4.22,239,0.0,0.0,0.036,66.0,7,2021-08-27 18:02:00
94,21.585,1101,2021,8,34,239,27,5,18,2021_8_27_18_3,1009.5,21.7,21.9,21.7,68,15.5,17.3,4.8,1.21,9.7,21.7,21.8,21.8,24.2,0.0,0.0,142,3.05,221,0.0,0.0,0.035,66.3,6,2021-08-27 18:03:00
95,21.843,1101,2021,8,34,239,27,5,19,2021_8_27_19_0,1009.8,21.8,21.8,21.7,70,16.1,17.7,3.2,0.8,8.0,21.8,22.0,22.0,24.6,0.0,0.0,156,3.36,171,0.13,0.0,0.036,67.3,6,2021-08-27 19:00:00
96,21.522,1101,2021,8,34,239,27,5,19,2021_8_27_19_1,1009.4,21.6,21.8,21.6,71,16.1,17.7,3.2,0.8,4.8,21.6,21.9,21.9,23.4,0.0,0.0,103,2.22,137,0.0,0.0,0.034,68.0,2,2021-08-27 19:01:00
97,20.384,1101,2021,8,34,239,27,5,19,2021_8_27_19_2,1009.2,21.0,21.6,21.0,74,16.2,17.6,1.6,0.4,3.2,21.0,21.4,21.4,20.6,0.0,0.0,42,0.9,60,0.0,0.0,0.028,74.3,1,2021-08-27 19:02:00
98,19.566,1101,2021,8,34,239,27,5,19,2021_8_27_19_3,1009.4,20.2,21.0,20.2,78,16.2,17.4,0.0,0.0,3.2,20.2,20.7,20.7,19.6,0.0,0.0,20,0.43,26,0.0,0.0,0.019,78.9,0,2021-08-27 19:03:00
103,18.374,1101,2021,8,34,239,27,5,20,2021_8_27_20_0,1009.4,19.3,20.2,19.3,81,15.9,17.0,0.0,0.0,1.6,19.3,19.8,19.8,18.5,0.0,0.0,8,0.17,12,0.03,0.0,0.01,83.8,0,2021-08-27 20:00:00
104,17.721,1101,2021,8,34,239,27,5,20,2021_8_27_20_1,1009.7,18.4,19.3,18.4,83,15.5,16.4,0.0,0.0,0.0,18.4,18.8,18.8,17.4,0.0,0.0,0,0.0,0,0.0,0.0,0.001,85.4,0,2021-08-27 20:01:00
105,17.966,1101,2021,8,34,239,27,5,20,2021_8_27_20_2,1010.0,18.1,18.4,18.1,87,15.9,16.6,0.0,0.0,3.2,18.1,18.5,18.5,17.1,0.0,0.0,0,0.0,0,0.0,0.003,0.0,88.5,0,2021-08-27 20:02:00
106,18.192,1101,2021,8,34,239,27,5,20,2021_8_27_20_3,1010.1,18.0,18.1,17.9,86,15.6,16.4,0.0,0.0,0.0,18.0,18.4,18.4,17.0,0.0,0.0,0,0.0,0,0.0,0.003,0.0,88.3,0,2021-08-27 20:03:00
107,17.648,1101,2021,8,34,239,27,5,21,2021_8_27_21_0,1010.1,17.8,18.0,17.8,87,15.6,16.3,0.0,0.0,3.2,17.8,18.1,18.1,16.8,0.0,0.0,0,0.0,0,0.0,0.006,0.0,88.7,0,2021-08-27 21:00:00
108,17.045,1101,2021,8,34,239,27,5,21,2021_8_27_21_1,1010.2,17.4,17.8,17.4,88,15.4,16.0,0.0,0.0,1.6,17.4,17.7,17.7,16.3,0.0,0.0,0,0.0,0,0.0,0.01,0.0,88.7,0,2021-08-27 21:01:00
109,16.537,1101,2021,8,34,239,27,5,21,2021_8_27_21_2,1010.1,16.9,17.4,16.9,88,14.9,15.6,0.0,0.0,3.2,16.9,17.2,17.2,15.8,0.0,0.0,0,0.0,0,0.0,0.014,0.0,89.4,0,2021-08-27 21:02:00
110,16.595,1101,2021,8,34,239,27,5,21,2021_8_27_21_3,1010.6,16.6,16.9,16.6,89,14.7,15.4,0.0,0.0,1.6,16.6,16.8,16.8,15.4,0.0,0.0,0,0.0,0,0.0,0.019,0.0,89.5,0,2021-08-27 21:03:00
111,16.132,1101,2021,8,34,239,27,5,22,2021_8_27_22_0,1010.7,16.1,16.5,16.1,89,14.2,14.9,0.0,0.0,0.0,16.1,16.2,16.2,14.8,0.0,0.0,0,0.0,0,0.0,0.024,0.0,89.8,0,2021-08-27 22:00:00
112,15.721,1101,2021,8,34,239,27,5,22,2021_8_27_22_1,1010.8,15.8,16.1,15.8,91,14.4,14.9,1.6,0.4,3.2,15.8,16.1,16.1,14.6,0.0,0.0,0,0.0,0,0.0,0.026,0.0,90.2,0,2021-08-27 22:01:00
113,15.585,1101,2021,8,34,239,27,5,22,2021_8_27_22_2,1010.8,15.7,15.9,15.7,91,14.3,14.8,0.0,0.0,3.2,15.7,15.9,15.9,14.5,0.0,0.0,0,0.0,0,0.0,0.027,0.0,90.2,0,2021-08-27 22:02:00
114,15.479,1101,2021,8,34,239,27,5,22,2021_8_27_22_3,1010.6,15.6,15.8,15.6,89,13.7,14.4,0.0,0.0,3.2,15.6,15.7,15.7,14.2,0.0,0.0,0,0.0,0,0.0,0.029,0.0,90.1,0,2021-08-27 22:03:00
115,15.266,1101,2021,8,34,239,27,5,23,2021_8_27_23_0,1010.8,15.3,15.6,15.3,91,13.8,14.3,0.0,0.0,0.0,15.3,15.5,15.5,14.0,0.0,0.0,0,0.0,0,0.0,0.032,0.0,90.6,0,2021-08-27 23:00:00
116,15.257,1101,2021,8,34,239,27,5,23,2021_8_27_23_1,1010.8,14.9,15.3,14.9,92,13.7,14.1,0.0,0.0,0.0,14.9,15.1,15.1,13.6,0.0,0.0,0,0.0,0,0.0,0.035,0.0,91.1,0,2021-08-27 23:01:00
117,15.199,1101,2021,8,34,239,27,5,23,2021_8_27_23_2,1010.8,14.7,14.9,14.7,92,13.4,13.9,0.0,0.0,0.0,14.7,14.8,14.8,13.3,0.0,0.0,0,0.0,0,0.0,0.038,0.0,91.7,0,2021-08-27 23:02:00
118,15.124,1101,2021,8,34,239,27,5,23,2021_8_27_23_3,1010.9,14.5,14.7,14.4,93,13.4,13.8,0.0,0.0,0.0,14.5,14.7,14.7,13.2,0.0,0.0,0,0.0,0,0.0,0.04,0.0,92.1,0,2021-08-27 23:03:00
151,15.367,1101,2021,8,34,240,28,6,0,2021_8_28_0_0,1011.1,14.4,14.5,14.3,94,13.4,13.8,0.0,0.0,0.0,14.4,14.6,14.6,13.1,0.0,0.0,0,0.0,0,0.0,0.041,0.0,93.2,0,2021-08-28 00:00:00
152,15.564,1101,2021,8,34,240,28,6,0,2021_8_28_0_1,1011.0,14.3,14.4,14.3,94,13.3,13.7,0.0,0.0,0.0,14.3,14.5,14.5,12.9,0.0,0.0,0,0.0,0,0.0,0.042,0.0,93.3,0,2021-08-28 00:01:00
153,15.646,1101,2021,8,34,240,28,6,0,2021_8_28_0_2,1011.1,14.4,14.4,14.3,95,13.6,13.9,0.0,0.0,0.0,14.4,14.6,14.6,13.1,0.0,0.0,0,0.0,0,0.0,0.041,0.0,92.6,0,2021-08-28 00:02:00
154,15.573,1101,2021,8,34,240,28,6,0,2021_8_28_0_3,1011.0,14.7,14.7,14.4,95,13.9,14.2,0.0,0.0,3.2,14.7,14.9,14.9,13.4,0.0,0.0,0,0.0,0,0.0,0.038,0.0,93.1,0,2021-08-28 00:03:00
195,15.537,1101,2021,8,34,240,28,6,1,2021_8_28_1_0,1010.8,14.8,14.8,14.7,94,13.8,14.2,0.0,0.0,3.2,14.8,15.0,15.0,13.5,0.0,0.0,0,0.0,0,0.0,0.037,0.0,93.0,0,2021-08-28 01:00:00
196,15.336,1101,2021,8,34,240,28,6,1,2021_8_28_1_1,1010.7,14.9,14.9,14.7,93,13.8,14.2,0.0,0.0,1.6,14.9,15.1,15.1,13.6,0.0,0.0,0,0.0,0,0.0,0.036,0.0,91.7,0,2021-08-28 01:01:00
197,15.145,1101,2021,8,34,240,28,6,1,2021_8_28_1_2,1010.6,14.4,14.8,14.4,92,13.2,13.6,0.0,0.0,4.8,14.4,14.6,14.6,13.1,0.0,0.0,0,0.0,0,0.0,0.041,0.0,91.9,0,2021-08-28 01:02:00
198,14.689,1101,2021,8,34,240,28,6,1,2021_8_28_1_3,1010.7,14.2,14.4,14.2,93,13.1,13.5,0.0,0.0,0.0,14.2,14.4,14.4,12.9,0.0,0.0,0,0.0,0,0.0,0.043,0.0,91.6,0,2021-08-28 01:03:00
215,14.173,1101,2021,8,34,240,28,6,2,2021_8_28_2_0,1010.7,14.2,14.2,14.2,92,12.9,13.4,1.6,0.4,3.2,14.2,14.3,14.3,12.8,0.0,0.0,0,0.0,0,0.0,0.043,0.0,91.7,0,2021-08-28 02:00:00
216,14.258,1101,2021,8,34,240,28,6,2,2021_8_28_2_1,1010.6,13.8,14.2,13.8,92,12.5,13.0,0.0,0.0,3.2,13.8,13.9,13.9,12.3,0.0,0.0,0,0.0,0,0.0,0.047,0.0,93.1,0,2021-08-28 02:01:00
217,14.25,1101,2021,8,34,240,28,6,2,2021_8_28_2_2,1010.7,13.6,13.8,13.4,94,12.6,13.0,0.0,0.0,1.6,13.6,13.7,13.7,12.2,0.0,0.0,0,0.0,0,0.0,0.05,0.0,93.2,0,2021-08-28 02:02:00
218,14.569,1101,2021,8,34,240,28,6,2,2021_8_28_2_3,1010.9,14.1,14.1,13.6,95,13.3,13.6,1.6,0.4,3.2,14.1,14.2,14.2,12.7,0.0,0.0,0,0.0,0,0.0,0.045,0.0,93.3,0,2021-08-28 02:03:00
219,15.003,1101,2021,8,34,240,28,6,3,2021_8_28_3_0,1010.6,14.3,14.3,14.1,94,13.3,13.7,0.0,0.0,1.6,14.3,14.5,14.5,12.9,0.0,0.0,0,0.0,0,0.0,0.042,0.0,93.2,0,2021-08-28 03:00:00
220,15.113,1101,2021,8,34,240,28,6,3,2021_8_28_3_1,1010.7,14.3,14.3,14.2,94,13.3,13.7,0.0,0.0,1.6,14.3,14.5,14.5,12.9,0.0,0.0,0,0.0,0,0.0,0.042,0.0,93.6,0,2021-08-28 03:01:00
221,15.406,1101,2021,8,34,240,28,6,3,2021_8_28_3_2,1010.4,14.4,14.4,14.3,95,13.6,13.9,0.0,0.0,3.2,14.4,14.6,14.6,13.1,0.0,0.0,0,0.0,0,0.0,0.041,0.0,94.5,0,2021-08-28 03:02:00
222,15.108,1101,2021,8,34,240,28,6,3,2021_8_28_3_3,1010.4,14.5,14.5,14.3,95,13.7,14.0,0.0,0.0,1.6,14.5,14.7,14.7,13.2,0.0,0.0,0,0.0,0,0.0,0.04,0.0,94.4,0,2021-08-28 03:03:00
223,15.545,1101,2021,8,34,240,28,6,4,2021_8_28_4_0,1010.5,14.7,14.7,14.5,95,13.9,14.2,0.0,0.0,1.6,14.7,14.9,14.9,13.4,0.0,0.0,0,0.0,0,0.0,0.038,0.0,94.2,0,2021-08-28 04:00:00
224,15.563,1101,2021,8,34,240,28,6,4,2021_8_28_4_1,1010.6,14.7,14.7,14.7,95,13.9,14.2,0.0,0.0,1.6,14.7,15.0,15.0,13.5,0.0,0.0,0,0.0,0,0.0,0.038,0.0,94.7,0,2021-08-28 04:01:00
225,15.605,1101,2021,8,34,240,28,6,4,2021_8_28_4_2,1010.5,14.8,14.8,14.7,95,14.0,14.3,0.0,0.0,0.0,14.8,15.1,15.1,13.6,0.0,0.0,0,0.0,0,0.0,0.036,0.0,95.3,0,2021-08-28 04:02:00
226,15.706,1101,2021,8,34,240,28,6,4,2021_8_28_4_3,1010.4,15.0,15.0,14.8,95,14.2,14.5,0.0,0.0,1.6,15.0,15.3,15.3,13.8,0.0,0.0,0,0.0,0,0.0,0.035,0.0,95.1,0,2021-08-28 04:03:00
227,15.599,1101,2021,8,34,240,28,6,5,2021_8_28_5_0,1010.3,15.2,15.2,14.9,94,14.2,14.6,0.0,0.0,1.6,15.2,15.4,15.4,14.0,0.0,0.0,0,0.0,0,0.0,0.033,0.0,95.1,0,2021-08-28 05:00:00
228,15.716,1101,2021,8,34,240,28,6,5,2021_8_28_5_1,1010.2,15.2,15.2,15.1,95,14.4,14.7,0.0,0.0,1.6,15.2,15.5,15.5,14.0,0.0,0.0,0,0.0,0,0.0,0.033,0.0,94.7,0,2021-08-28 05:01:00
229,15.737,1101,2021,8,34,240,28,6,5,2021_8_28_5_2,1010.2,15.3,15.3,15.2,94,14.3,14.7,0.0,0.0,3.2,15.3,15.6,15.6,14.1,0.0,0.0,0,0.0,0,0.0,0.032,0.0,95.4,0,2021-08-28 05:02:00
230,15.778,1101,2021,8,34,240,28,6,5,2021_8_28_5_3,1010.1,15.4,15.4,15.2,93,14.3,14.7,0.0,0.0,1.6,15.4,15.6,15.6,14.2,0.0,0.0,0,0.0,0,0.0,0.031,0.0,94.9,0,2021-08-28 05:03:00
231,15.885,1101,2021,8,34,240,28,6,6,2021_8_28_6_0,1010.3,15.5,15.6,15.3,91,14.0,14.6,1.6,0.4,4.8,15.5,15.7,15.7,14.2,0.0,0.0,0,0.0,0,0.0,0.03,0.0,94.8,0,2021-08-28 06:00:00
232,15.883,1101,2021,8,34,240,28,6,6,2021_8_28_6_1,1010.4,16.0,16.0,15.5,89,14.2,14.8,1.6,0.4,4.8,16.0,16.2,16.2,14.7,0.0,0.0,0,0.0,0,0.0,0.024,0.0,94.8,0,2021-08-28 06:01:00
233,16.032,1101,2021,8,34,240,28,6,6,2021_8_28_6_2,1010.5,16.2,16.2,16.0,88,14.2,14.9,1.6,0.4,3.2,16.2,16.3,16.3,14.9,0.0,0.0,0,0.0,0,0.0,0.023,0.0,94.4,0,2021-08-28 06:02:00
234,16.076,1101,2021,8,34,240,28,6,6,2021_8_28_6_3,1010.7,16.2,16.2,16.2,87,14.1,14.8,1.6,0.4,4.8,16.2,16.4,16.4,14.9,0.0,0.0,0,0.0,0,0.0,0.022,0.0,93.7,0,2021-08-28 06:03:00
235,15.959,1101,2021,8,34,240,28,6,7,2021_8_28_7_0,1010.8,16.1,16.3,16.1,89,14.3,14.9,1.6,0.4,4.8,16.1,16.3,16.3,14.8,0.2,0.0,0,0.0,0,0.0,0.023,0.0,94.4,0,2021-08-28 07:00:00
236,15.877,1101,2021,8,34,240,28,6,7,2021_8_28_7_1,1010.8,15.9,16.1,15.8,90,14.3,14.8,3.2,0.8,4.8,15.9,16.1,16.1,15.2,0.0,0.0,4,0.09,5,0.0,0.025,0.0,94.7,0,2021-08-28 07:01:00
237,15.877,1101,2021,8,34,240,28,6,7,2021_8_28_7_2,1011.2,16.1,16.1,15.8,89,14.2,14.9,3.2,0.8,6.4,16.1,16.2,16.2,15.2,0.0,0.0,1,0.02,5,0.0,0.024,0.0,94.6,0,2021-08-28 07:02:00
238,15.964,1101,2021,8,34,240,28,6,7,2021_8_28_7_3,1011.3,16.2,16.2,16.1,88,14.2,14.9,3.2,0.8,6.4,16.2,16.4,16.4,15.6,0.2,0.0,9,0.19,11,0.0,0.022,0.0,94.7,0,2021-08-28 07:03:00
239,16.332,1101,2021,8,34,240,28,6,8,2021_8_28_8_0,1011.4,16.2,16.3,16.2,89,14.4,15.0,1.6,0.4,4.8,16.2,16.4,16.4,15.6,0.0,0.0,12,0.26,12,0.0,0.023,0.0,94.9,0,2021-08-28 08:00:00
240,16.181,1101,2021,8,34,240,28,6,8,2021_8_28_8_1,1011.1,16.1,16.2,16.1,86,13.8,14.6,1.6,0.4,9.7,16.1,16.2,16.2,15.4,0.2,1.0,12,0.26,14,0.0,0.023,0.0,92.1,0,2021-08-28 08:01:00
241,15.883,1101,2021,8,34,240,28,6,8,2021_8_28_8_2,1011.3,16.1,16.2,16.1,87,13.9,14.6,4.8,1.21,9.7,16.1,16.2,16.2,15.5,0.4,1.0,17,0.37,25,0.0,0.024,0.0,92.2,1,2021-08-28 08:02:00
242,15.986,1101,2021,8,34,240,28,6,8,2021_8_28_8_3,1011.3,15.9,16.1,15.9,90,14.3,14.8,4.8,1.21,11.3,15.9,16.1,16.1,15.8,0.4,2.0,36,0.77,49,0.0,0.025,0.0,94.4,2,2021-08-28 08:03:00
243,17.005,1101,2021,8,34,240,28,6,9,2021_8_28_9_0,1011.4,15.9,15.9,15.8,91,14.5,15.0,1.6,0.4,4.8,15.9,16.2,16.2,16.3,0.0,0.0,60,1.29,79,0.03,0.025,0.0,95.7,4,2021-08-28 09:00:00
244,17.546,1101,2021,8,34,240,28,6,9,2021_8_28_9_1,1010.9,16.1,16.1,15.9,91,14.6,15.2,1.6,0.4,4.8,16.1,16.4,16.4,16.5,0.0,0.0,60,1.29,81,0.0,0.023,0.0,92.0,2,2021-08-28 09:01:00
245,17.339,1101,2021,8,34,240,28,6,9,2021_8_28_9_2,1011.1,16.2,16.2,16.1,92,14.9,15.3,1.6,0.4,3.2,16.2,16.5,16.5,16.3,0.0,0.0,50,1.08,69,0.0,0.023,0.0,93.2,4,2021-08-28 09:02:00
246,17.463,1101,2021,8,34,240,28,6,9,2021_8_28_9_3,1011.3,16.3,16.3,16.2,92,15.0,15.5,1.6,0.4,4.8,16.3,16.7,16.7,16.8,0.0,0.0,67,1.44,69,0.0,0.021,0.0,93.4,3,2021-08-28 09:03:00
155,17.463,1101,2021,8,34,240,28,6,10,2021_8_28_10_0,1011.2,16.5,16.5,16.3,90,14.9,15.4,1.6,0.4,4.8,16.5,16.8,16.8,16.8,0.0,0.0,60,1.29,86,0.03,0.019,0.0,94.2,5,2021-08-28 10:00:00
156,19.056,1101,2021,8,34,240,28,6,10,2021_8_28_10_1,1011.3,16.8,16.8,16.5,90,15.2,15.7,3.2,0.8,6.4,16.8,17.2,17.2,18.1,0.0,0.0,118,2.54,158,0.0,0.016,0.0,95.1,12,2021-08-28 10:01:00
157,29.886,1101,2021,8,34,240,28,6,10,2021_8_28_10_2,1012.8,18.3,18.3,16.8,87,16.1,16.8,4.8,1.21,8.0,18.3,18.7,18.7,23.5,0.0,0.0,426,9.16,601,0.0,0.001,0.0,79.0,7,2021-08-28 10:02:00
158,25.312,1101,2021,8,34,240,28,6,10,2021_8_28_10_3,1011.5,19.3,19.3,18.3,79,15.6,16.8,3.2,0.8,8.0,19.3,19.8,19.8,22.8,0.0,0.0,275,5.92,367,0.0,0.0,0.01,75.6,21,2021-08-28 10:03:00
159,28.035,1101,2021,8,34,240,28,6,11,2021_8_28_11_0,1011.9,20.2,20.2,19.3,75,15.6,17.0,4.8,1.21,11.3,20.2,20.6,20.6,25.9,0.0,0.0,502,10.8,724,0.2,0.0,0.019,66.4,14,2021-08-28 11:00:00
160,25.58,1101,2021,8,34,240,28,6,11,2021_8_28_11_1,1011.3,20.4,20.5,20.1,66,13.9,15.8,4.8,1.21,11.3,20.4,20.5,20.5,24.4,0.0,0.0,379,8.15,510,0.0,0.0,0.022,61.1,14,2021-08-28 11:01:00
161,28.363,1101,2021,8,34,240,28,6,11,2021_8_28_11_2,1011.9,21.1,21.1,20.4,69,15.2,16.9,3.2,0.8,6.4,21.1,21.2,21.2,26.0,0.0,0.0,465,10.0,875,0.0,0.0,0.029,59.8,21,2021-08-28 11:02:00
162,27.497,1101,2021,8,34,240,28,6,11,2021_8_28_11_3,1011.3,21.6,21.7,21.1,61,13.8,16.0,4.8,1.21,12.9,21.6,21.4,21.4,27.4,0.0,0.0,651,14.0,756,0.0,0.0,0.034,51.6,30,2021-08-28 11:03:00
163,27.861,1101,2021,8,34,240,28,6,12,2021_8_28_12_0,1011.5,22.1,22.1,21.6,58,13.4,15.8,4.8,1.21,16.1,22.1,21.9,21.9,28.1,0.0,0.0,730,15.7,740,0.36,0.0,0.039,49.5,30,2021-08-28 12:00:00
164,28.707,1101,2021,8,34,240,28,6,12,2021_8_28_12_1,1011.4,22.3,22.3,22.1,56,13.1,15.7,6.4,1.61,17.7,22.3,22.1,22.1,28.4,0.0,0.0,749,16.11,758,0.0,0.0,0.042,46.8,49,2021-08-28 12:01:00
165,28.386,1101,2021,8,34,240,28,6,12,2021_8_28_12_2,1011.0,22.8,22.8,22.3,58,14.1,16.5,6.4,1.61,14.5,22.8,22.8,22.8,29.1,0.0,0.0,765,16.46,772,0.0,0.0,0.046,48.2,42,2021-08-28 12:02:00
166,28.902,1101,2021,8,34,240,28,6,12,2021_8_28_12_3,1011.0,23.3,23.3,22.8,49,12.0,15.0,8.0,2.01,20.9,23.3,23.1,23.1,29.3,0.0,0.0,780,16.78,789,0.0,0.0,0.052,42.0,65,2021-08-28 12:03:00
167,29.26,1101,2021,8,34,240,28,6,13,2021_8_28_13_0,1010.7,23.4,23.4,23.1,51,12.7,15.6,9.7,2.41,19.3,23.4,23.4,23.4,29.6,0.0,0.0,793,17.06,796,0.51,0.0,0.053,45.1,62,2021-08-28 13:00:00
168,27.0,1101,2021,8,34,240,28,6,13,2021_8_28_13_1,1010.6,23.3,23.6,23.3,50,12.3,15.3,11.3,2.82,24.1,23.3,23.2,23.2,29.3,0.0,0.0,802,17.25,807,0.0,0.0,0.052,41.1,68,2021-08-28 13:01:00
169,26.96,1101,2021,8,34,240,28,6,13,2021_8_28_13_2,1010.7,23.4,23.7,23.3,50,12.4,15.4,9.7,2.41,19.3,23.4,23.3,23.3,29.5,0.0,0.0,805,17.32,807,0.0,0.0,0.053,42.3,68,2021-08-28 13:02:00
170,27.731,1101,2021,8,34,240,28,6,13,2021_8_28_13_3,1010.9,23.6,23.8,23.4,46,11.3,14.6,11.3,2.82,20.9,23.6,23.3,23.3,29.3,0.0,0.0,804,17.29,807,0.0,0.0,0.055,40.8,68,2021-08-28 13:03:00
171,27.29,1101,2021,8,34,240,28,6,14,2021_8_28_14_0,1011.1,23.9,23.9,23.6,53,13.8,16.4,11.3,2.82,20.9,23.9,24.0,24.0,30.1,0.0,0.0,800,17.21,803,0.58,0.0,0.058,37.7,62,2021-08-28 14:00:00
172,27.278,1101,2021,8,34,240,28,6,14,2021_8_28_14_1,1010.8,24.1,24.1,23.9,48,12.4,15.4,9.7,2.41,19.3,24.1,23.9,23.9,30.0,0.0,0.0,790,16.99,796,0.0,0.0,0.06,38.9,59,2021-08-28 14:01:00
173,27.539,1101,2021,8,34,240,28,6,14,2021_8_28_14_2,1010.8,24.2,24.3,24.1,50,13.1,16.0,6.4,1.61,17.7,24.2,24.2,24.2,30.3,0.0,0.0,786,16.91,789,0.0,0.0,0.061,40.5,41,2021-08-28 14:02:00
174,27.802,1101,2021,8,34,240,28,6,14,2021_8_28_14_3,1010.7,24.7,24.7,24.2,44,11.6,15.0,8.0,2.01,17.7,24.7,24.3,24.3,30.3,0.0,0.0,780,16.78,784,0.0,0.0,0.067,40.9,59,2021-08-28 14:03:00
175,28.199,1101,2021,8,34,240,28,6,15,2021_8_28_15_0,1010.5,24.6,24.7,24.6,47,12.5,15.6,6.4,1.61,16.1,24.6,24.3,24.3,30.2,0.0,0.0,777,16.71,784,0.53,0.0,0.065,36.4,57,2021-08-28 15:00:00
176,27.143,1101,2021,8,34,240,28,6,15,2021_8_28_15_1,1010.2,24.7,24.8,24.6,45,12.0,15.2,4.8,1.21,12.9,24.7,24.4,24.4,30.2,0.0,0.0,755,16.24,773,0.0,0.0,0.067,36.9,54,2021-08-28 15:01:00
177,28.114,1101,2021,8,34,240,28,6,15,2021_8_28_15_2,1010.5,24.9,24.9,24.7,41,10.7,14.3,6.4,1.61,17.7,24.9,24.3,24.3,30.2,0.0,0.0,775,16.67,824,0.0,0.0,0.068,36.3,30,2021-08-28 15:02:00
178,28.796,1101,2021,8,34,240,28,6,15,2021_8_28_15_3,1010.7,25.4,25.4,24.9,42,11.6,15.0,3.2,0.8,11.3,25.4,24.9,24.9,30.7,0.0,0.0,728,15.66,814,0.0,0.0,0.074,37.4,64,2021-08-28 15:03:00
179,27.524,1101,2021,8,34,240,28,6,16,2021_8_28_16_0,1009.7,25.1,25.4,25.1,45,12.3,15.5,6.4,1.61,16.1,25.1,24.8,24.8,31.1,0.0,0.0,734,15.79,823,0.51,0.0,0.071,36.1,20,2021-08-28 16:00:00
180,28.369,1101,2021,8,34,240,28,6,16,2021_8_28_16_1,1010.3,24.9,25.1,24.6,41,10.7,14.3,3.2,0.8,12.9,24.9,24.3,24.3,30.0,0.0,0.0,543,11.68,733,0.0,0.0,0.068,43.5,24,2021-08-28 16:01:00
181,25.805,1101,2021,8,34,240,28,6,16,2021_8_28_16_2,1009.6,25.1,25.1,24.8,46,12.6,15.7,3.2,0.8,8.0,25.1,24.8,24.8,30.2,0.0,0.0,482,10.37,668,0.0,0.0,0.07,40.3,42,2021-08-28 16:02:00
182,26.682,1101,2021,8,34,240,28,6,16,2021_8_28_16_3,1009.6,25.1,25.2,25.1,39,10.2,13.9,4.8,1.21,9.7,25.1,24.4,24.4,30.2,0.0,0.0,550,11.83,580,0.0,0.0,0.071,39.7,39,2021-08-28 16:03:00
183,27.362,1101,2021,8,34,240,28,6,17,2021_8_28_17_0,1009.6,25.4,25.4,25.0,41,11.2,14.7,3.2,0.8,11.3,25.4,24.8,24.8,30.5,0.0,0.0,504,10.84,526,0.36,0.0,0.073,43.7,35,2021-08-28 17:00:00
184,26.278,1101,2021,8,34,240,28,6,17,2021_8_28_17_1,1008.9,24.8,25.4,24.8,40,10.3,13.9,4.8,1.21,12.9,24.8,24.2,24.2,29.7,0.0,0.0,470,10.11,489,0.0,0.0,0.067,40.5,32,2021-08-28 17:01:00
185,26.074,1101,2021,8,34,240,28,6,17,2021_8_28_17_2,1009.0,24.7,24.8,24.7,40,10.2,13.9,4.8,1.21,11.3,24.7,24.1,24.1,29.4,0.0,0.0,423,9.1,439,0.0,0.0,0.067,39.5,13,2021-08-28 17:02:00
186,25.538,1101,2021,8,34,240,28,6,17,2021_8_28_17_3,1009.0,24.9,24.9,24.7,43,11.4,14.8,3.2,0.8,8.0,24.9,24.4,24.4,29.6,0.0,0.0,382,8.22,403,0.0,0.0,0.068,39.4,11,2021-08-28 17:03:00
187,25.105,1101,2021,8,34,240,28,6,18,2021_8_28_18_0,1009.0,24.8,24.9,24.8,42,11.0,14.5,3.2,0.8,6.4,24.8,24.3,24.3,29.1,0.0,0.0,337,7.25,359,0.3,0.0,0.068,47.1,14,2021-08-28 18:00:00
188,24.696,1101,2021,8,34,240,28,6,18,2021_8_28_18_1,1009.1,24.9,25.0,24.8,40,10.4,14.1,1.6,0.4,6.4,24.9,24.3,24.3,28.6,0.0,0.0,288,6.2,311,0.0,0.0,0.069,51.0,8,2021-08-28 18:01:00
189,23.794,1101,2021,8,34,240,28,6,18,2021_8_28_18_2,1009.0,24.8,24.9,24.8,42,11.0,14.5,1.6,0.4,6.4,24.8,24.3,24.3,28.1,0.0,0.0,243,5.23,265,0.0,0.0,0.067,48.4,7,2021-08-28 18:02:00
190,23.216,1101,2021,8,34,240,28,6,18,2021_8_28_18_3,1009.0,24.2,24.8,24.2,42,10.4,14.0,4.8,1.21,8.0,24.2,23.7,23.7,26.7,0.0,0.0,193,4.15,214,0.0,0.0,0.061,48.2,5,2021-08-28 18:03:00
191,22.363,1101,2021,8,34,240,28,6,19,2021_8_28_19_0,1009.1,23.8,24.2,23.8,49,12.4,15.4,3.2,0.8,6.4,23.8,23.7,23.7,25.8,0.0,0.0,141,3.03,167,0.18,0.0,0.057,52.1,4,2021-08-28 19:00:00
192,21.564,1101,2021,8,34,240,28,6,19,2021_8_28_19_1,1008.9,23.3,23.8,23.2,51,12.6,15.4,1.6,0.4,3.2,23.3,23.2,23.2,24.3,0.0,0.0,92,1.98,113,0.0,0.0,0.052,63.3,2,2021-08-28 19:01:00
193,20.619,1101,2021,8,34,240,28,6,19,2021_8_28_19_2,1008.6,22.6,23.3,22.6,59,14.1,16.5,1.6,0.4,3.2,22.6,22.6,22.6,21.7,0.0,0.0,45,0.97,67,0.0,0.0,0.044,65.1,1,2021-08-28 19:02:00
194,19.332,1101,2021,8,34,240,28,6,19,2021_8_28_19_3,1008.3,21.4,22.6,21.4,63,14.1,16.2,0.0,0.0,1.6,21.4,21.2,21.2,20.1,0.0,0.0,20,0.43,33,0.0,0.0,0.032,70.2,0,2021-08-28 19:03:00
199,18.192,1101,2021,8,34,240,28,6,20,2021_8_28_20_0,1008.6,20.4,21.4,20.4,70,14.7,16.4,0.0,0.0,0.0,20.4,20.6,20.6,19.3,0.0,0.0,6,0.13,11,0.05,0.0,0.021,77.3,0,2021-08-28 20:00:00
200,17.708,1101,2021,8,34,240,28,6,20,2021_8_28_20_1,1008.7,19.4,20.4,19.4,71,14.0,15.7,0.0,0.0,0.0,19.4,19.5,19.5,18.0,0.0,0.0,0,0.0,0,0.0,0.0,0.011,77.7,0,2021-08-28 20:01:00
201,17.471,1101,2021,8,34,240,28,6,20,2021_8_28_20_2,1009.2,18.4,19.4,18.4,69,12.7,14.5,1.6,0.4,4.8,18.4,18.3,18.3,16.8,0.0,0.0,0,0.0,0,0.0,0.0,0.001,72.7,0,2021-08-28 20:02:00
202,16.783,1101,2021,8,34,240,28,6,20,2021_8_28_20_3,1009.5,17.8,18.4,17.8,69,12.0,13.9,1.6,0.4,4.8,17.8,17.5,17.5,16.0,0.0,0.0,0,0.0,0,0.0,0.006,0.0,72.2,0,2021-08-28 20:03:00
203,16.732,1101,2021,8,34,240,28,6,21,2021_8_28_21_0,1009.9,17.7,17.8,17.7,70,12.1,14.0,3.2,0.8,4.8,17.7,17.4,17.4,15.9,0.0,0.0,0,0.0,0,0.0,0.007,0.0,75.6,0,2021-08-28 21:00:00
204,17.152,1101,2021,8,34,240,28,6,21,2021_8_28_21_1,1010.1,17.8,17.8,17.7,71,12.4,14.2,3.2,0.8,6.4,17.8,17.6,17.6,16.1,0.0,0.0,0,0.0,0,0.0,0.006,0.0,72.7,0,2021-08-28 21:01:00
205,17.248,1101,2021,8,34,240,28,6,21,2021_8_28_21_2,1010.4,17.8,17.8,17.7,71,12.5,14.2,3.2,0.8,6.4,17.8,17.7,17.7,16.1,0.0,0.0,0,0.0,0,0.0,0.005,0.0,74.6,0,2021-08-28 21:02:00
206,17.616,1101,2021,8,34,240,28,6,21,2021_8_28_21_3,1010.9,18.0,18.0,17.8,72,12.9,14.5,3.2,0.8,8.0,18.0,17.9,17.9,16.4,0.0,0.0,0,0.0,0,0.0,0.003,0.0,73.5,0,2021-08-28 21:03:00
207,18.506,1101,2021,8,34,240,28,6,22,2021_8_28_22_0,1011.7,19.2,19.2,18.0,62,11.8,14.1,11.3,2.82,24.1,19.2,18.9,18.9,17.4,0.0,0.0,0,0.0,0,0.05,0.0,0.009,63.3,0,2021-08-28 22:00:00
208,18.536,1101,2021,8,34,240,28,6,22,2021_8_28_22_1,1011.3,19.3,19.4,19.2,60,11.3,13.8,11.3,2.82,20.9,19.3,18.9,18.9,17.3,0.0,0.0,0,0.0,0,0.0,0.0,0.01,61.1,0,2021-08-28 22:01:00
209,17.748,1101,2021,8,34,240,28,6,22,2021_8_28_22_2,1010.9,18.4,19.3,18.4,63,11.2,13.5,8.0,2.01,17.7,18.4,18.0,18.0,16.4,0.0,0.0,0,0.0,0,0.0,0.0,0.001,65.6,0,2021-08-28 22:02:00
210,17.363,1101,2021,8,34,240,28,6,22,2021_8_28_22_3,1010.8,17.8,18.3,17.8,64,10.9,13.1,8.0,2.01,17.7,17.8,17.3,17.3,15.7,0.0,0.0,0,0.0,0,0.0,0.006,0.0,65.2,0,2021-08-28 22:03:00
211,16.917,1101,2021,8,34,240,28,6,23,2021_8_28_23_0,1010.8,17.2,17.8,17.2,68,11.3,13.3,6.4,1.61,14.5,17.2,16.9,16.9,15.3,0.0,0.0,0,0.0,0,0.05,0.012,0.0,68.4,0,2021-08-28 23:00:00
212,16.572,1101,2021,8,34,240,28,6,23,2021_8_28_23_1,1010.8,16.7,17.2,16.7,72,11.6,13.3,4.8,1.21,12.9,16.7,16.4,16.4,14.8,0.0,0.0,0,0.0,0,0.0,0.017,0.0,69.8,0,2021-08-28 23:01:00
213,16.396,1101,2021,8,34,240,28,6,23,2021_8_28_23_2,1010.4,16.3,16.7,16.3,75,11.8,13.4,3.2,0.8,4.8,16.3,16.1,16.1,14.5,0.0,0.0,0,0.0,0,0.0,0.021,0.0,74.8,0,2021-08-28 23:02:00
214,15.915,1101,2021,8,34,240,28,6,23,2021_8_28_23_3,1010.7,15.9,16.3,15.9,78,12.1,13.4,1.6,0.4,3.2,15.9,15.7,15.7,14.2,0.0,0.0,0,0.0,0,0.0,0.025,0.0,79.4,0,2021-08-28 23:03:00
247,16.184,1101,2021,8,34,241,29,7,0,2021_8_29_0_0,1010.9,15.8,15.9,15.8,80,12.3,13.6,0.0,0.0,3.2,15.8,15.7,15.7,14.2,0.0,0.0,0,0.0,0,0.03,0.027,0.0,80.3,0,2021-08-29 00:00:00
248,16.183,1101,2021,8,34,241,29,7,0,2021_8_29_0_1,1011.0,15.8,15.8,15.7,80,12.3,13.6,1.6,0.4,8.0,15.8,15.7,15.7,14.2,0.0,0.0,0,0.0,0,0.0,0.027,0.0,78.1,0,2021-08-29 00:01:00
249,16.14,1101,2021,8,34,241,29,7,0,2021_8_29_0_2,1011.3,17.0,17.0,15.8,73,12.1,13.8,11.3,2.82,20.9,16.9,16.8,16.7,15.2,0.2,0.0,0,0.0,0,0.0,0.014,0.0,79.0,0,2021-08-29 00:02:00
250,16.595,1101,2021,8,34,241,29,7,0,2021_8_29_0_3,1011.7,17.1,17.3,17.0,76,12.8,14.3,9.7,2.41,24.1,17.1,17.0,17.0,15.5,0.4,1.6,0,0.0,0,0.0,0.013,0.0,77.4,0,2021-08-29 00:03:00
291,16.804,1101,2021,8,34,241,29,7,1,2021_8_29_1_0,1011.5,17.2,17.2,16.9,72,12.1,13.8,11.3,2.82,20.9,17.1,17.0,16.9,15.4,0.0,0.8,0,0.0,0,0.03,0.012,0.0,76.8,0,2021-08-29 01:00:00
292,15.858,1101,2021,8,34,241,29,7,1,2021_8_29_1_1,1010.7,16.3,17.3,16.3,80,12.9,14.1,6.4,1.61,14.5,16.3,16.3,16.3,14.8,0.6,3.6,0,0.0,0,0.0,0.021,0.0,85.5,0,2021-08-29 01:01:00
293,15.758,1101,2021,8,34,241,29,7,1,2021_8_29_1_2,1011.3,16.1,16.3,15.8,78,12.2,13.6,8.0,2.01,22.5,16.1,15.9,15.9,14.4,0.0,0.0,0,0.0,0,0.0,0.024,0.0,80.0,0,2021-08-29 01:02:00
294,15.73,1101,2021,8,34,241,29,7,1,2021_8_29_1_3,1011.2,16.2,16.5,16.1,80,12.7,13.9,3.2,0.8,8.0,16.2,16.1,16.1,14.6,0.0,0.0,0,0.0,0,0.0,0.023,0.0,83.6,0,2021-08-29 01:03:00
311,15.619,1101,2021,8,34,241,29,7,2,2021_8_29_2_0,1011.4,15.8,16.2,15.8,85,13.3,14.1,1.6,0.4,6.4,15.8,15.8,15.8,14.3,0.0,0.0,0,0.0,0,0.03,0.027,0.0,86.7,0,2021-08-29 02:00:00
312,15.584,1101,2021,8,34,241,29,7,2,2021_8_29_2_1,1011.1,15.4,15.7,15.4,87,13.3,14.1,1.6,0.4,4.8,15.4,15.5,15.5,14.0,0.0,0.0,0,0.0,0,0.0,0.03,0.0,88.7,0,2021-08-29 02:01:00
313,15.303,1101,2021,8,34,241,29,7,2,2021_8_29_2_2,1010.9,15.1,15.4,15.1,87,12.9,13.7,1.6,0.4,6.4,15.1,15.1,15.1,13.6,0.2,0.0,0,0.0,0,0.0,0.034,0.0,88.3,0,2021-08-29 02:02:00
314,14.753,1101,2021,8,34,241,29,7,2,2021_8_29_2_3,1010.7,14.7,15.1,14.7,89,12.9,13.5,0.0,0.0,3.2,14.7,14.7,14.7,13.3,0.0,0.0,0,0.0,0,0.0,0.038,0.0,89.4,0,2021-08-29 02:03:00
315,14.393,1101,2021,8,34,241,29,7,3,2021_8_29_3_0,1010.7,14.2,14.7,14.2,89,12.4,13.1,1.6,0.4,3.2,14.2,14.3,14.3,12.8,0.0,0.0,0,0.0,0,0.0,0.043,0.0,90.1,0,2021-08-29 03:00:00
316,14.411,1101,2021,8,34,241,29,7,3,2021_8_29_3_1,1011.0,13.9,14.2,13.8,90,12.3,12.9,1.6,0.4,6.4,13.9,13.9,13.9,12.4,0.0,0.0,0,0.0,0,0.0,0.046,0.0,90.8,0,2021-08-29 03:01:00
317,13.883,1101,2021,8,34,241,29,7,3,2021_8_29_3_2,1010.9,13.5,13.9,13.5,92,12.2,12.7,1.6,0.4,3.2,13.5,13.6,13.6,12.1,0.0,0.0,0,0.0,0,0.0,0.05,0.0,90.4,0,2021-08-29 03:02:00
318,13.654,1101,2021,8,34,241,29,7,3,2021_8_29_3_3,1010.6,13.3,13.5,13.3,91,11.8,12.4,0.0,0.0,3.2,13.3,13.4,13.4,11.8,0.0,0.0,0,0.0,0,0.0,0.053,0.0,92.2,0,2021-08-29 03:03:00
319,13.293,1101,2021,8,34,241,29,7,4,2021_8_29_4_0,1011.2,12.8,13.3,12.8,94,11.8,12.2,1.6,0.4,4.8,12.8,12.9,12.9,11.4,0.0,0.0,0,0.0,0,0.0,0.058,0.0,92.9,0,2021-08-29 04:00:00
320,13.145,1101,2021,8,34,241,29,7,4,2021_8_29_4_1,1011.0,12.8,12.9,12.8,94,11.9,12.3,0.0,0.0,3.2,12.8,13.0,13.0,11.4,0.0,0.0,0,0.0,0,0.0,0.057,0.0,92.3,0,2021-08-29 04:01:00
321,12.847,1101,2021,8,34,241,29,7,4,2021_8_29_4_2,1011.0,12.8,12.8,12.7,95,12.0,12.3,0.0,0.0,1.6,12.8,12.9,12.9,11.4,0.0,0.0,0,0.0,0,0.0,0.058,0.0,91.8,0,2021-08-29 04:02:00
322,12.678,1101,2021,8,34,241,29,7,4,2021_8_29_4_3,1010.9,12.5,12.8,12.5,94,11.6,11.9,0.0,0.0,3.2,12.5,12.6,12.6,11.1,0.0,0.0,0,0.0,0,0.0,0.061,0.0,93.1,0,2021-08-29 04:03:00
323,12.642,1101,2021,8,34,241,29,7,5,2021_8_29_5_0,1010.9,12.2,12.6,12.2,94,11.3,11.7,0.0,0.0,3.2,12.2,12.4,12.4,10.8,0.0,0.0,0,0.0,0,0.0,0.064,0.0,92.8,0,2021-08-29 05:00:00
324,12.456,1101,2021,8,34,241,29,7,5,2021_8_29_5_1,1010.6,12.1,12.3,12.1,94,11.2,11.6,0.0,0.0,0.0,12.1,12.3,12.3,10.7,0.0,0.0,0,0.0,0,0.0,0.065,0.0,93.1,0,2021-08-29 05:01:00
325,11.983,1101,2021,8,34,241,29,7,5,2021_8_29_5_2,1010.6,12.1,12.1,12.1,95,11.3,11.6,0.0,0.0,1.6,12.1,12.2,12.2,10.7,0.0,0.0,0,0.0,0,0.0,0.065,0.0,93.0,0,2021-08-29 05:02:00
326,12.04,1101,2021,8,34,241,29,7,5,2021_8_29_5_3,1010.6,11.9,12.1,11.9,95,11.2,11.5,0.0,0.0,0.0,11.9,12.1,12.1,10.5,0.0,0.0,0,0.0,0,0.0,0.067,0.0,93.0,0,2021-08-29 05:03:00
327,11.872,1101,2021,8,34,241,29,7,6,2021_8_29_6_0,1010.5,11.8,12.0,11.8,94,10.8,11.2,0.0,0.0,0.0,11.8,11.9,11.9,10.3,0.0,0.0,0,0.0,0,0.0,0.068,0.0,93.1,0,2021-08-29 06:00:00
328,12.221,1101,2021,8,34,241,29,7,6,2021_8_29_6_1,1011.0,12.2,12.2,11.7,95,11.4,11.7,0.0,0.0,3.2,12.2,12.3,12.3,10.8,0.0,0.0,0,0.0,0,0.0,0.064,0.0,94.3,0,2021-08-29 06:01:00
329,12.714,1101,2021,8,34,241,29,7,6,2021_8_29_6_2,1011.1,12.6,12.7,12.2,92,11.3,11.8,1.6,0.4,4.8,12.6,12.7,12.7,11.1,0.0,0.0,0,0.0,0,0.0,0.06,0.0,94.3,0,2021-08-29 06:02:00
330,12.609,1101,2021,8,34,241,29,7,6,2021_8_29_6_3,1010.9,12.5,12.6,12.3,94,11.6,11.9,0.0,0.0,3.2,12.5,12.6,12.6,11.1,0.0,0.0,1,0.02,5,0.0,0.061,0.0,93.9,0,2021-08-29 06:03:00
331,12.739,1101,2021,8,34,241,29,7,7,2021_8_29_7_0,1011.1,12.6,12.6,12.4,93,11.5,11.9,0.0,0.0,1.6,12.6,12.7,12.7,11.3,0.0,0.0,10,0.22,12,0.0,0.06,0.0,93.8,1,2021-08-29 07:00:00
332,14.165,1101,2021,8,34,241,29,7,7,2021_8_29_7_1,1011.4,12.8,12.8,12.6,92,11.6,12.1,0.0,0.0,0.0,12.8,12.9,12.9,12.2,0.0,0.0,14,0.3,18,0.0,0.057,0.0,94.8,1,2021-08-29 07:01:00
333,14.164,1101,2021,8,34,241,29,7,7,2021_8_29_7_2,1011.6,13.8,13.8,12.9,90,12.2,12.8,0.0,0.0,0.0,13.8,13.9,13.9,13.5,0.0,0.0,26,0.56,32,0.0,0.047,0.0,94.0,1,2021-08-29 07:02:00
334,13.727,1101,2021,8,34,241,29,7,7,2021_8_29_7_3,1011.4,13.9,13.9,13.8,89,12.1,12.8,0.0,0.0,3.2,13.9,13.9,13.9,13.7,0.0,0.0,36,0.77,91,0.0,0.046,0.0,94.1,3,2021-08-29 07:03:00
335,16.762,1101,2021,8,34,241,29,7,8,2021_8_29_8_0,1012.7,15.0,15.0,13.8,89,13.2,13.9,0.0,0.0,3.2,15.0,15.1,15.1,16.7,0.0,0.0,114,2.45,135,0.03,0.035,0.0,92.3,4,2021-08-29 08:00:00
336,18.313,1101,2021,8,34,241,29,7,8,2021_8_29_8_1,1012.7,15.8,15.8,15.0,87,13.7,14.4,1.6,0.4,3.2,15.8,15.9,15.9,18.3,0.0,0.0,157,3.38,176,0.0,0.026,0.0,81.8,5,2021-08-29 08:01:00
337,20.735,1101,2021,8,34,241,29,7,8,2021_8_29_8_2,1013.4,16.8,16.8,15.8,85,14.2,15.1,0.0,0.0,3.2,16.8,16.9,16.9,19.9,0.0,0.0,200,4.3,221,0.0,0.016,0.0,81.3,6,2021-08-29 08:02:00
338,24.437,1101,2021,8,34,241,29,7,8,2021_8_29_8_3,1012.7,17.3,17.3,16.8,83,14.4,15.3,1.6,0.4,4.8,17.3,17.5,17.5,21.0,0.0,0.0,245,5.27,265,0.0,0.011,0.0,80.0,7,2021-08-29 08:03:00
339,26.228,1101,2021,8,34,241,29,7,9,2021_8_29_9_0,1012.5,17.8,17.8,17.3,82,14.7,15.7,3.2,0.8,6.4,17.8,18.0,18.0,22.0,0.0,0.0,285,6.13,306,0.13,0.006,0.0,75.1,8,2021-08-29 09:00:00
340,26.368,1101,2021,8,34,241,29,7,9,2021_8_29_9_1,1012.4,18.4,18.4,17.8,78,14.5,15.7,3.2,0.8,6.4,18.4,18.6,18.6,23.0,0.0,0.0,327,7.03,348,0.0,0.0,0.001,66.2,10,2021-08-29 09:01:00
341,27.805,1101,2021,8,34,241,29,7,9,2021_8_29_9_2,1012.5,19.0,19.1,18.4,74,14.3,15.8,3.2,0.8,6.4,19.0,19.1,19.1,23.9,0.0,0.0,375,8.07,396,0.0,0.0,0.007,70.2,11,2021-08-29 09:02:00
342,28.993,1101,2021,8,34,241,29,7,9,2021_8_29_9_3,1012.6,19.4,19.4,19.0,74,14.7,16.2,3.2,0.8,6.4,19.4,19.7,19.7,24.8,0.0,0.0,421,9.06,448,0.0,0.0,0.012,65.0,13,2021-08-29 09:03:00
251,29.29,1101,2021,8,34,241,29,7,10,2021_8_29_10_0,1012.7,19.9,19.9,19.4,73,15.0,16.5,3.2,0.8,9.7,19.9,20.2,20.2,25.8,0.0,0.0,491,10.56,540,0.23,0.0,0.017,68.2,18,2021-08-29 10:00:00
252,31.476,1101,2021,8,34,241,29,7,10,2021_8_29_10_1,1013.3,20.7,20.7,19.9,69,14.8,16.5,3.2,0.8,8.0,20.7,20.9,20.9,26.9,0.0,0.0,593,12.76,659,0.0,0.0,0.024,57.4,19,2021-08-29 10:01:00
253,25.392,1101,2021,8,34,241,29,7,10,2021_8_29_10_2,1011.0,20.7,20.9,20.7,68,14.5,16.4,3.2,0.8,11.3,20.7,20.8,20.8,26.2,0.0,0.0,493,10.6,696,0.0,0.0,0.024,59.2,20,2021-08-29 10:02:00
254,30.599,1101,2021,8,34,241,29,7,10,2021_8_29_10_3,1012.3,20.8,20.9,20.6,64,13.8,15.8,4.8,1.21,11.3,20.8,20.7,20.7,26.6,0.0,0.0,582,12.52,701,0.0,0.0,0.026,55.6,19,2021-08-29 10:03:00
255,26.182,1101,2021,8,34,241,29,7,11,2021_8_29_11_0,1010.9,20.7,20.9,20.7,64,13.7,15.7,4.8,1.21,11.3,20.7,20.6,20.6,25.4,0.0,0.0,454,9.77,587,0.33,0.0,0.025,55.7,20,2021-08-29 11:00:00
256,29.258,1101,2021,8,34,241,29,7,11,2021_8_29_11_1,1012.3,21.1,21.1,20.7,64,14.0,16.1,4.8,1.21,12.9,21.1,21.0,21.0,26.4,0.0,0.0,539,11.59,758,0.0,0.0,0.029,53.5,25,2021-08-29 11:01:00
257,26.91,1101,2021,8,34,241,29,7,11,2021_8_29_11_2,1011.8,21.3,21.3,21.1,63,13.9,16.1,6.4,1.61,14.5,21.3,21.1,21.1,27.1,0.0,0.0,632,13.59,802,0.0,0.0,0.031,57.2,17,2021-08-29 11:02:00
258,27.155,1101,2021,8,34,241,29,7,11,2021_8_29_11_3,1011.7,21.3,21.3,21.2,63,13.9,16.1,6.4,1.61,12.9,21.3,21.1,21.1,26.6,0.0,0.0,565,12.15,810,0.0,0.0,0.031,51.3,26,2021-08-29 11:03:00
259,26.715,1101,2021,8,34,241,29,7,12,2021_8_29_12_0,1011.4,21.6,21.6,21.3,59,13.3,15.6,6.4,1.61,12.9,21.6,21.3,21.3,26.6,0.0,0.0,543,11.68,833,0.38,0.0,0.034,56.5,25,2021-08-29 12:00:00
260,25.848,1101,2021,8,34,241,29,7,12,2021_8_29_12_1,1011.0,21.6,21.7,21.6,62,14.0,16.2,6.4,1.61,14.5,21.6,21.5,21.5,26.9,0.0,0.0,567,12.2,719,0.0,0.0,0.034,56.6,32,2021-08-29 12:01:00
261,25.641,1101,2021,8,34,241,29,7,12,2021_8_29_12_2,1011.4,21.7,21.8,21.4,60,13.6,15.9,6.4,1.61,14.5,21.7,21.5,21.5,26.5,0.0,0.0,510,10.97,621,0.0,0.0,0.035,49.0,44,2021-08-29 12:02:00
262,28.757,1101,2021,8,34,241,29,7,12,2021_8_29_12_3,1011.9,22.1,22.2,21.7,57,13.2,15.7,6.4,1.61,16.1,22.1,21.9,21.9,28.1,0.0,0.0,713,15.34,856,0.0,0.0,0.039,52.6,36,2021-08-29 12:03:00
263,29.107,1101,2021,8,34,241,29,7,13,2021_8_29_13_0,1011.7,22.4,22.4,22.1,61,14.5,16.7,6.4,1.61,12.9,22.4,22.4,22.4,28.8,0.0,0.0,779,16.76,879,0.41,0.0,0.042,50.5,62,2021-08-29 13:00:00
264,27.414,1101,2021,8,34,241,29,7,13,2021_8_29_13_1,1011.4,22.3,22.4,22.3,55,12.9,15.5,6.4,1.61,12.9,22.3,22.1,22.1,28.4,0.0,0.0,788,16.95,867,0.0,0.0,0.042,44.6,56,2021-08-29 13:01:00
265,26.477,1101,2021,8,34,241,29,7,13,2021_8_29_13_2,1011.4,22.7,22.7,22.3,52,12.4,15.2,4.8,1.21,11.3,22.7,22.5,22.5,28.7,0.0,0.0,785,16.89,853,0.0,0.0,0.046,48.3,70,2021-08-29 13:02:00
266,27.08,1101,2021,8,34,241,29,7,13,2021_8_29_13_3,1010.6,22.8,23.0,22.7,58,14.1,16.5,6.4,1.61,17.7,22.8,22.9,22.9,29.2,0.0,0.0,789,16.97,831,0.0,0.0,0.047,47.6,70,2021-08-29 13:03:00
267,27.491,1101,2021,8,34,241,29,7,14,2021_8_29_14_0,1011.3,23.3,23.3,22.8,53,13.2,15.9,6.4,1.61,16.1,23.3,23.3,23.3,29.5,0.0,0.0,801,17.23,807,0.51,0.0,0.052,41.9,65,2021-08-29 14:00:00
268,27.829,1101,2021,8,34,241,29,7,14,2021_8_29_14_1,1011.3,23.7,23.7,23.3,52,13.2,16.0,4.8,1.21,14.5,23.7,23.7,23.7,29.8,0.0,0.0,793,17.06,798,0.0,0.0,0.056,36.8,59,2021-08-29 14:01:00
269,27.975,1101,2021,8,34,241,29,7,14,2021_8_29_14_2,1010.9,23.7,23.7,23.6,49,12.3,15.3,6.4,1.61,17.7,23.7,23.5,23.5,29.6,0.0,0.0,782,16.82,789,0.0,0.0,0.056,40.5,37,2021-08-29 14:02:00
270,26.307,1101,2021,8,34,241,29,7,14,2021_8_29_14_3,1010.2,23.7,23.9,23.7,47,11.7,14.9,8.0,2.01,19.3,23.7,23.5,23.5,29.5,0.0,0.0,768,16.52,777,0.0,0.0,0.056,38.8,60,2021-08-29 14:03:00
271,26.567,1101,2021,8,34,241,29,7,15,2021_8_29_15_0,1010.5,24.2,24.2,23.7,48,12.5,15.5,6.4,1.61,16.1,24.2,24.0,24.0,30.0,0.0,0.0,753,16.2,765,0.53,0.0,0.061,36.1,56,2021-08-29 15:00:00
272,27.565,1101,2021,8,34,241,29,7,15,2021_8_29_15_1,1010.6,24.3,24.5,24.1,44,11.3,14.7,6.4,1.61,16.1,24.3,23.9,23.9,29.9,0.0,0.0,733,15.77,744,0.0,0.0,0.063,34.6,53,2021-08-29 15:01:00
273,27.502,1101,2021,8,34,241,29,7,15,2021_8_29_15_2,1010.3,24.7,24.7,24.3,44,11.6,14.9,6.4,1.61,16.1,24.7,24.3,24.3,30.2,0.0,0.0,712,15.32,722,0.0,0.0,0.066,42.5,32,2021-08-29 15:02:00
274,27.222,1101,2021,8,34,241,29,7,15,2021_8_29_15_3,1009.8,24.8,24.8,24.7,44,11.7,15.0,6.4,1.61,14.5,24.8,24.4,24.4,30.3,0.0,0.0,686,14.76,698,0.0,0.0,0.067,36.2,53,2021-08-29 15:03:00
275,28.147,1101,2021,8,34,241,29,7,16,2021_8_29_16_0,1009.8,24.8,24.9,24.7,43,11.3,14.8,6.4,1.61,19.3,24.8,24.3,24.3,30.2,0.0,0.0,657,14.13,673,0.48,0.0,0.067,38.3,44,2021-08-29 16:00:00
276,27.063,1101,2021,8,34,241,29,7,16,2021_8_29_16_1,1009.2,24.8,24.8,24.7,45,12.1,15.3,9.7,2.41,16.1,24.8,24.5,24.5,30.4,0.0,0.0,624,13.42,643,0.0,0.0,0.068,41.1,33,2021-08-29 16:01:00
277,27.25,1101,2021,8,34,241,29,7,16,2021_8_29_16_2,1009.2,24.9,25.1,24.8,44,11.8,15.1,8.0,2.01,17.7,24.9,24.5,24.5,30.2,0.0,0.0,595,12.8,606,0.0,0.0,0.068,43.8,42,2021-08-29 16:02:00
278,27.206,1101,2021,8,34,241,29,7,16,2021_8_29_16_3,1009.4,25.1,25.1,24.8,40,10.5,14.2,8.0,2.01,16.1,25.1,24.4,24.4,30.0,0.0,0.0,560,12.05,580,0.0,0.0,0.07,43.2,28,2021-08-29 16:03:00
279,27.364,1101,2021,8,34,241,29,7,17,2021_8_29_17_0,1009.2,25.2,25.2,25.1,41,11.0,14.5,8.0,2.01,16.1,25.2,24.6,24.6,30.0,0.0,0.0,521,11.21,541,0.43,0.0,0.071,41.8,36,2021-08-29 17:00:00
280,27.097,1101,2021,8,34,241,29,7,17,2021_8_29_17_1,1009.1,25.3,25.3,25.1,42,11.4,14.9,6.4,1.61,17.7,25.3,24.8,24.8,30.1,0.0,0.0,481,10.35,504,0.0,0.0,0.072,37.2,32,2021-08-29 17:01:00
281,26.624,1101,2021,8,34,241,29,7,17,2021_8_29_17_2,1009.1,25.4,25.4,25.3,40,10.8,14.4,6.4,1.61,17.7,25.4,24.7,24.7,30.1,0.0,0.0,420,9.03,459,0.0,0.0,0.073,42.7,11,2021-08-29 17:02:00
282,24.744,1101,2021,8,34,241,29,7,17,2021_8_29_17_3,1008.7,24.7,25.4,24.7,42,10.9,14.4,6.4,1.61,12.9,24.7,24.2,24.2,28.2,0.0,0.0,275,5.92,376,0.0,0.0,0.067,41.1,12,2021-08-29 17:03:00
283,25.504,1101,2021,8,34,241,29,7,18,2021_8_29_18_0,1009.4,25.3,25.3,24.7,40,10.7,14.3,3.2,0.8,11.3,25.3,24.6,24.6,29.3,0.0,0.0,347,7.46,387,0.3,0.0,0.072,40.7,14,2021-08-29 18:00:00
284,24.567,1101,2021,8,34,241,29,7,18,2021_8_29_18_1,1008.7,24.7,25.4,24.7,43,11.3,14.7,4.8,1.21,12.9,24.7,24.3,24.3,27.9,0.0,0.0,230,4.95,357,0.0,0.0,0.067,47.7,8,2021-08-29 18:01:00
285,24.335,1101,2021,8,34,241,29,7,18,2021_8_29_18_2,1009.0,24.9,24.9,24.7,46,12.5,15.6,3.2,0.8,9.7,24.9,24.6,24.6,28.4,0.0,0.0,240,5.16,279,0.0,0.0,0.068,47.1,8,2021-08-29 18:02:00
286,23.8,1101,2021,8,34,241,29,7,18,2021_8_29_18_3,1008.9,25.1,25.2,24.9,44,12.0,15.3,1.6,0.4,6.4,25.1,24.7,24.7,28.0,0.0,0.0,215,4.62,239,0.0,0.0,0.071,46.6,6,2021-08-29 18:03:00
287,23.563,1101,2021,8,34,241,29,7,19,2021_8_29_19_0,1008.7,24.8,25.1,24.8,41,10.7,14.3,4.8,1.21,9.7,24.8,24.3,24.3,26.8,0.0,0.0,173,3.72,200,0.18,0.0,0.068,49.7,6,2021-08-29 19:00:00
288,22.919,1101,2021,8,34,241,29,7,19,2021_8_29_19_1,1008.9,24.9,24.9,24.8,47,12.8,15.9,1.6,0.4,4.8,24.9,24.7,24.7,26.2,0.0,0.0,122,2.62,146,0.0,0.0,0.068,53.1,4,2021-08-29 19:01:00
289,21.842,1101,2021,8,34,241,29,7,19,2021_8_29_19_2,1008.8,24.6,24.9,24.6,43,11.2,14.6,0.0,0.0,3.2,24.6,24.2,24.2,23.4,0.0,0.0,77,1.66,97,0.0,0.0,0.065,62.3,2,2021-08-29 19:02:00
290,20.619,1101,2021,8,34,241,29,7,19,2021_8_29_19_3,1008.3,24.1,24.6,24.1,51,13.3,16.1,0.0,0.0,1.6,24.1,24.0,24.0,22.9,0.0,0.0,34,0.73,53,0.0,0.0,0.06,67.2,1,2021-08-29 19:03:00
295,19.45,1101,2021,8,34,241,29,7,20,2021_8_29_20_0,1008.4,22.6,24.1,22.6,57,13.7,16.1,0.0,0.0,1.6,22.6,22.6,22.6,21.2,0.0,0.0,14,0.3,19,0.05,0.0,0.045,72.3,0,2021-08-29 20:00:00
296,18.918,1101,2021,8,34,241,29,7,20,2021_8_29_20_1,1008.9,21.3,22.6,21.3,64,14.2,16.3,0.0,0.0,0.0,21.3,21.2,21.2,19.7,0.0,0.0,2,0.04,7,0.0,0.0,0.031,80.1,0,2021-08-29 20:01:00
297,18.71,1101,2021,8,34,241,29,7,20,2021_8_29_20_2,1008.9,20.2,21.3,20.2,75,15.6,17.0,0.0,0.0,0.0,20.2,20.7,20.7,19.2,0.0,0.0,0,0.0,0,0.0,0.0,0.02,83.0,0,2021-08-29 20:02:00
298,18.192,1101,2021,8,34,241,29,7,20,2021_8_29_20_3,1009.1,19.2,20.2,19.2,76,14.9,16.2,0.0,0.0,0.0,19.2,19.5,19.5,18.0,0.0,0.0,0,0.0,0,0.0,0.0,0.009,85.0,0,2021-08-29 20:03:00
299,17.897,1101,2021,8,34,241,29,7,21,2021_8_29_21_0,1009.3,18.4,19.2,18.4,79,14.7,15.9,0.0,0.0,0.0,18.4,18.7,18.7,17.2,0.0,0.0,0,0.0,0,0.0,0.0,0.001,84.9,0,2021-08-29 21:00:00
300,17.367,1101,2021,8,34,241,29,7,21,2021_8_29_21_1,1009.5,18.0,18.4,18.0,79,14.3,15.5,0.0,0.0,1.6,18.0,18.2,18.2,16.7,0.0,0.0,0,0.0,0,0.0,0.003,0.0,82.5,0,2021-08-29 21:01:00
301,17.28,1101,2021,8,34,241,29,7,21,2021_8_29_21_2,1009.7,17.6,18.0,17.6,83,14.7,15.7,0.0,0.0,0.0,17.6,17.8,17.8,16.4,0.0,0.0,0,0.0,0,0.0,0.008,0.0,84.7,0,2021-08-29 21:02:00
302,17.388,1101,2021,8,34,241,29,7,21,2021_8_29_21_3,1009.9,17.3,17.6,17.3,84,14.6,15.5,0.0,0.0,0.0,17.3,17.5,17.5,16.1,0.0,0.0,0,0.0,0,0.0,0.01,0.0,87.4,0,2021-08-29 21:03:00
303,17.391,1101,2021,8,34,241,29,7,22,2021_8_29_22_0,1010.1,17.2,17.4,17.2,84,14.5,15.4,0.0,0.0,1.6,17.2,17.4,17.4,15.9,0.0,0.0,0,0.0,0,0.03,0.012,0.0,87.5,0,2021-08-29 22:00:00
304,18.157,1101,2021,8,34,241,29,7,22,2021_8_29_22_1,1010.5,17.7,17.7,17.2,79,14.0,15.2,1.6,0.4,6.4,17.7,17.8,17.8,16.3,0.0,0.0,0,0.0,0,0.0,0.007,0.0,77.8,0,2021-08-29 22:01:00
305,18.28,1101,2021,8,34,241,29,7,22,2021_8_29_22_2,1010.3,18.7,18.7,17.7,73,13.7,15.3,3.2,0.8,11.3,18.7,18.7,18.7,17.2,0.0,0.0,0,0.0,0,0.0,0.0,0.003,77.7,0,2021-08-29 22:02:00
306,17.561,1101,2021,8,34,241,29,7,22,2021_8_29_22_3,1010.4,18.2,18.7,18.2,75,13.7,15.2,1.6,0.4,6.4,18.2,18.3,18.3,16.7,0.0,0.0,0,0.0,0,0.0,0.001,0.0,79.4,0,2021-08-29 22:03:00
307,17.164,1101,2021,8,34,241,29,7,23,2021_8_29_23_0,1010.3,17.9,18.2,17.9,75,13.4,14.9,4.8,1.21,9.7,17.9,17.9,17.9,16.4,0.0,0.0,0,0.0,0,0.03,0.004,0.0,78.7,0,2021-08-29 23:00:00
308,16.97,1101,2021,8,34,241,29,7,23,2021_8_29_23_1,1010.4,17.7,17.9,17.7,74,13.0,14.6,4.8,1.21,9.7,17.7,17.6,17.6,16.1,0.0,0.0,0,0.0,0,0.0,0.006,0.0,77.2,0,2021-08-29 23:01:00
309,17.247,1101,2021,8,34,241,29,7,23,2021_8_29_23_2,1010.6,17.8,17.8,17.7,73,12.9,14.5,4.8,1.21,11.3,17.8,17.7,17.7,16.1,0.0,0.0,0,0.0,0,0.0,0.006,0.0,75.0,0,2021-08-29 23:02:00
310,17.466,1101,2021,8,34,241,29,7,23,2021_8_29_23_3,1010.8,17.9,17.9,17.8,73,13.0,14.6,4.8,1.21,9.7,17.9,17.8,17.8,16.2,0.0,0.0,0,0.0,0,0.0,0.005,0.0,74.9,0,2021-08-29 23:03:00
343,17.366,1101,2021,8,35,242,30,1,0,2021_8_30_0_0,1010.8,17.7,17.9,17.7,72,12.6,14.3,3.2,0.8,6.4,17.7,17.6,17.6,16.0,0.0,0.0,0,0.0,0,0.03,0.006,0.0,77.9,0,2021-08-30 00:00:00
344,16.893,1101,2021,8,35,242,30,1,0,2021_8_30_0_1,1010.9,17.3,17.7,17.3,74,12.7,14.2,1.6,0.4,4.8,17.3,17.2,17.2,15.6,0.0,0.0,0,0.0,0,0.0,0.01,0.0,74.6,0,2021-08-30 00:01:00
345,16.969,1101,2021,8,35,242,30,1,0,2021_8_30_0_2,1010.6,17.1,17.3,17.0,77,13.0,14.4,1.6,0.4,4.8,17.1,17.0,17.0,15.4,0.0,0.0,0,0.0,0,0.0,0.013,0.0,76.1,0,2021-08-30 00:02:00
346,16.665,1101,2021,8,35,242,30,1,0,2021_8_30_0_3,1011.0,16.8,17.1,16.8,79,13.1,14.4,1.6,0.4,3.2,16.8,16.8,16.8,15.2,0.0,0.0,0,0.0,0,0.0,0.016,0.0,79.5,0,2021-08-30 00:03:00
387,16.859,1101,2021,8,35,242,30,1,1,2021_8_30_1_0,1011.2,16.7,16.8,16.7,80,13.3,14.4,1.6,0.4,4.8,16.7,16.8,16.8,15.2,0.0,0.0,0,0.0,0,0.03,0.017,0.0,80.3,0,2021-08-30 01:00:00
388,16.927,1101,2021,8,35,242,30,1,1,2021_8_30_1_1,1011.2,16.8,16.8,16.7,79,13.2,14.4,1.6,0.4,4.8,16.8,16.9,16.9,15.3,0.0,0.0,0,0.0,0,0.0,0.016,0.0,79.0,0,2021-08-30 01:01:00
389,16.976,1101,2021,8,35,242,30,1,1,2021_8_30_1_2,1011.0,16.9,17.0,16.8,79,13.3,14.5,3.2,0.8,6.4,16.9,17.0,17.0,15.4,0.0,0.0,0,0.0,0,0.0,0.014,0.0,77.9,0,2021-08-30 01:02:00
390,16.976,1101,2021,8,35,242,30,1,1,2021_8_30_1_3,1010.9,16.9,16.9,16.8,79,13.2,14.5,3.2,0.8,11.3,16.9,16.9,16.9,15.4,0.0,0.0,0,0.0,0,0.0,0.015,0.0,77.6,0,2021-08-30 01:03:00
407,17.222,1101,2021,8,35,242,30,1,2,2021_8_30_2_0,1011.0,17.3,17.3,16.9,77,13.2,14.6,6.4,1.61,12.9,17.3,17.3,17.3,15.7,0.0,0.0,0,0.0,0,0.03,0.011,0.0,76.1,0,2021-08-30 02:00:00
408,17.144,1101,2021,8,35,242,30,1,2,2021_8_30_2_1,1011.0,17.4,17.4,17.3,77,13.3,14.7,6.4,1.61,16.1,17.4,17.4,17.4,15.8,0.0,0.0,0,0.0,0,0.0,0.01,0.0,76.0,0,2021-08-30 02:01:00
409,17.003,1101,2021,8,35,242,30,1,2,2021_8_30_2_2,1010.7,17.2,17.4,17.2,76,13.0,14.4,4.8,1.21,16.1,17.2,17.2,17.2,15.6,0.0,0.0,0,0.0,0,0.0,0.012,0.0,75.1,0,2021-08-30 02:02:00
410,16.933,1101,2021,8,35,242,30,1,2,2021_8_30_2_3,1010.7,17.3,17.3,17.2,75,12.9,14.4,6.4,1.61,12.9,17.3,17.2,17.2,15.7,0.0,0.0,0,0.0,0,0.0,0.01,0.0,74.7,0,2021-08-30 02:03:00
411,16.713,1101,2021,8,35,242,30,1,3,2021_8_30_3_0,1010.5,17.2,17.3,17.2,75,12.7,14.2,6.4,1.61,12.9,17.2,17.1,17.1,15.5,0.0,0.0,0,0.0,0,0.03,0.012,0.0,76.9,0,2021-08-30 03:00:00
412,16.32,1101,2021,8,35,242,30,1,3,2021_8_30_3_1,1010.3,16.8,17.2,16.8,75,12.4,13.9,4.8,1.21,9.7,16.8,16.7,16.7,15.1,0.0,0.0,0,0.0,0,0.0,0.016,0.0,78.1,0,2021-08-30 03:01:00
413,15.517,1101,2021,8,35,242,30,1,3,2021_8_30_3_2,1010.6,16.2,16.8,16.2,78,12.4,13.7,3.2,0.8,6.4,16.2,16.1,16.1,14.5,0.0,0.0,0,0.0,0,0.0,0.022,0.0,80.1,0,2021-08-30 03:02:00
414,15.417,1101,2021,8,35,242,30,1,3,2021_8_30_3_3,1010.8,16.0,16.2,15.9,78,12.2,13.5,3.2,0.8,9.7,16.0,15.9,15.9,14.2,0.0,0.0,0,0.0,0,0.0,0.024,0.0,81.3,0,2021-08-30 03:03:00
415,15.451,1101,2021,8,35,242,30,1,4,2021_8_30_4_0,1010.4,15.8,16.0,15.8,79,12.1,13.4,3.2,0.8,6.4,15.8,15.7,15.7,14.0,0.0,0.0,0,0.0,0,0.03,0.027,0.0,82.7,0,2021-08-30 04:00:00
416,15.039,1101,2021,8,35,242,30,1,4,2021_8_30_4_1,1010.3,15.2,15.8,15.2,81,12.0,13.1,1.6,0.4,4.8,15.2,15.1,15.1,13.5,0.0,0.0,0,0.0,0,0.0,0.032,0.0,85.4,0,2021-08-30 04:01:00
417,14.822,1101,2021,8,35,242,30,1,4,2021_8_30_4_2,1010.4,15.1,15.2,15.1,83,12.2,13.2,0.0,0.0,3.2,15.1,15.0,15.0,13.4,0.0,0.0,0,0.0,0,0.0,0.034,0.0,86.5,0,2021-08-30 04:02:00
418,14.396,1101,2021,8,35,242,30,1,4,2021_8_30_4_3,1010.3,14.7,15.1,14.7,85,12.2,13.1,0.0,0.0,1.6,14.7,14.6,14.6,13.0,0.0,0.0,0,0.0,0,0.0,0.038,0.0,88.0,0,2021-08-30 04:03:00
419,14.081,1101,2021,8,35,242,30,1,5,2021_8_30_5_0,1010.4,14.1,14.7,14.1,87,12.0,12.8,0.0,0.0,3.2,14.1,14.1,14.1,12.5,0.0,0.0,0,0.0,0,0.03,0.044,0.0,89.6,0,2021-08-30 05:00:00
420,14.062,1101,2021,8,35,242,30,1,5,2021_8_30_5_1,1010.4,13.8,14.1,13.8,88,11.9,12.6,0.0,0.0,0.0,13.8,13.8,13.8,12.2,0.0,0.0,0,0.0,0,0.0,0.047,0.0,90.5,0,2021-08-30 05:01:00
421,13.711,1101,2021,8,35,242,30,1,5,2021_8_30_5_2,1010.3,13.6,13.8,13.6,90,12.0,12.6,0.0,0.0,0.0,13.6,13.7,13.7,12.0,0.0,0.0,0,0.0,0,0.0,0.049,0.0,90.0,0,2021-08-30 05:02:00
422,13.446,1101,2021,8,35,242,30,1,5,2021_8_30_5_3,1009.9,13.3,13.6,13.3,89,11.6,12.2,0.0,0.0,0.0,13.3,13.4,13.4,11.7,0.0,0.0,0,0.0,0,0.0,0.052,0.0,90.3,0,2021-08-30 05:03:00
423,13.096,1101,2021,8,35,242,30,1,6,2021_8_30_6_0,1010.0,12.9,13.3,12.9,91,11.5,12.1,0.0,0.0,0.0,12.9,13.0,13.0,11.4,0.0,0.0,0,0.0,0,0.0,0.056,0.0,90.6,0,2021-08-30 06:00:00
424,12.751,1101,2021,8,35,242,30,1,6,2021_8_30_6_1,1010.1,12.8,13.0,12.8,91,11.3,11.9,0.0,0.0,0.0,12.8,12.9,12.9,11.2,0.0,0.0,0,0.0,0,0.0,0.058,0.0,91.2,0,2021-08-30 06:01:00
425,12.781,1101,2021,8,35,242,30,1,6,2021_8_30_6_2,1010.2,12.4,12.8,12.4,92,11.2,11.7,0.0,0.0,0.0,12.4,12.5,12.5,10.9,0.0,0.0,0,0.0,0,0.0,0.061,0.0,91.0,0,2021-08-30 06:02:00
426,12.739,1101,2021,8,35,242,30,1,6,2021_8_30_6_3,1010.4,12.3,12.5,12.3,92,11.1,11.6,0.0,0.0,0.0,12.3,12.4,12.4,10.8,0.0,0.0,2,0.04,7,0.0,0.062,0.0,91.7,0,2021-08-30 06:03:00
427,13.06,1101,2021,8,35,242,30,1,7,2021_8_30_7_0,1010.7,12.3,12.4,12.3,93,11.2,11.7,0.0,0.0,0.0,12.3,12.5,12.5,10.9,0.0,0.0,11,0.24,16,0.0,0.062,0.0,92.1,1,2021-08-30 07:00:00
428,14.063,1101,2021,8,35,242,30,1,7,2021_8_30_7_1,1010.8,12.9,12.9,12.4,93,11.8,12.3,0.0,0.0,0.0,12.9,13.1,13.1,12.5,0.0,0.0,20,0.43,23,0.0,0.056,0.0,92.3,1,2021-08-30 07:01:00
429,14.912,1101,2021,8,35,242,30,1,7,2021_8_30_7_2,1011.1,13.7,13.7,12.9,92,12.4,12.9,0.0,0.0,0.0,13.7,13.8,13.8,13.5,0.0,0.0,29,0.62,40,0.0,0.049,0.0,92.6,2,2021-08-30 07:02:00
430,16.287,1101,2021,8,35,242,30,1,7,2021_8_30_7_3,1011.3,14.7,14.7,13.7,91,13.3,13.8,0.0,0.0,0.0,14.7,14.9,14.9,15.4,0.0,0.0,62,1.33,81,0.0,0.038,0.0,92.3,3,2021-08-30 07:03:00
431,17.894,1101,2021,8,35,242,30,1,8,2021_8_30_8_0,1011.5,16.7,16.7,14.8,84,13.9,14.9,0.0,0.0,3.2,16.7,16.8,16.8,18.1,0.0,0.0,97,2.09,111,0.03,0.017,0.0,87.8,4,2021-08-30 08:00:00
432,19.618,1101,2021,8,35,242,30,1,8,2021_8_30_8_1,1011.2,17.8,17.8,16.7,80,14.3,15.4,1.6,0.4,4.8,17.8,18.0,18.0,20.0,0.0,0.0,139,2.99,162,0.0,0.006,0.0,83.9,6,2021-08-30 08:01:00
433,22.292,1101,2021,8,35,242,30,1,8,2021_8_30_8_2,1011.4,18.7,18.7,17.8,76,14.4,15.8,1.6,0.4,4.8,18.7,18.9,18.9,21.8,0.0,0.0,193,4.15,214,0.0,0.0,0.004,80.6,6,2021-08-30 08:02:00
434,25.434,1101,2021,8,35,242,30,1,8,2021_8_30_8_3,1011.1,19.4,19.4,18.7,73,14.5,16.0,4.8,1.21,8.0,19.4,19.6,19.6,23.2,0.0,0.0,239,5.14,258,0.0,0.0,0.012,75.2,7,2021-08-30 08:03:00
435,27.195,1101,2021,8,35,242,30,1,9,2021_8_30_9_0,1011.4,20.2,20.3,19.4,69,14.3,16.1,4.8,1.21,11.3,20.2,20.4,20.4,24.4,0.0,0.0,286,6.15,308,0.13,0.0,0.02,70.5,8,2021-08-30 09:00:00
436,28.41,1101,2021,8,35,242,30,1,9,2021_8_30_9_1,1010.9,20.6,20.6,20.2,66,14.0,16.0,6.4,1.61,12.9,20.6,20.7,20.7,25.1,0.0,0.0,329,7.08,350,0.0,0.0,0.024,68.5,10,2021-08-30 09:01:00
437,28.62,1101,2021,8,35,242,30,1,9,2021_8_30_9_2,1011.4,21.4,21.4,20.6,66,14.8,16.7,6.4,1.61,14.5,21.4,21.4,21.4,26.3,0.0,0.0,383,8.24,425,0.0,0.0,0.032,60.5,15,2021-08-30 09:02:00
438,30.418,1101,2021,8,35,242,30,1,9,2021_8_30_9_3,1011.4,22.2,22.2,21.4,63,14.8,16.9,6.4,1.61,12.9,22.2,22.2,22.2,27.8,0.0,0.0,474,10.2,512,0.0,0.0,0.04,56.7,18,2021-08-30 09:03:00
347,25.371,1101,2021,8,35,242,30,1,10,2021_8_30_10_0,1010.5,21.5,22.2,21.5,64,14.4,16.4,8.0,2.01,16.1,21.5,21.4,21.4,26.6,0.0,0.0,443,9.53,552,0.25,0.0,0.033,59.6,8,2021-08-30 10:00:00
348,27.273,1101,2021,8,35,242,30,1,10,2021_8_30_10_1,1011.3,21.8,21.8,21.5,63,14.5,16.6,8.0,2.01,16.1,21.8,21.8,21.8,27.0,0.0,0.0,458,9.85,587,0.0,0.0,0.036,58.4,15,2021-08-30 10:01:00
349,28.253,1101,2021,8,35,242,30,1,10,2021_8_30_10_2,1011.7,22.4,22.4,21.8,58,13.8,16.2,6.4,1.61,16.1,22.4,22.4,22.4,27.8,0.0,0.0,506,10.88,571,0.0,0.0,0.043,56.3,16,2021-08-30 10:02:00
350,30.213,1101,2021,8,35,242,30,1,10,2021_8_30_10_3,1011.7,22.7,22.7,22.4,58,14.0,16.4,6.4,1.61,14.5,22.7,22.7,22.7,28.6,0.0,0.0,572,12.3,587,0.0,0.0,0.046,54.1,16,2021-08-30 10:03:00
351,32.24,1101,2021,8,35,242,30,1,11,2021_8_30_11_0,1011.7,23.2,23.2,22.7,54,13.4,16.0,8.0,2.01,14.5,23.2,23.2,23.2,29.1,0.0,0.0,602,12.95,612,0.36,0.0,0.051,49.6,17,2021-08-30 11:00:00
352,29.825,1101,2021,8,35,242,30,1,11,2021_8_30_11_1,1011.4,23.6,23.6,23.2,51,12.8,15.7,6.4,1.61,17.7,23.6,23.5,23.5,29.4,0.0,0.0,631,13.57,647,0.0,0.0,0.054,46.8,18,2021-08-30 11:01:00
353,30.329,1101,2021,8,35,242,30,1,11,2021_8_30_11_2,1011.3,23.6,23.6,23.5,50,12.5,15.5,8.0,2.01,17.7,23.6,23.5,23.5,29.5,0.0,0.0,656,14.11,670,0.0,0.0,0.054,45.0,21,2021-08-30 11:02:00
354,30.503,1101,2021,8,35,242,30,1,11,2021_8_30_11_3,1011.5,23.8,23.9,23.6,53,13.7,16.3,6.4,1.61,14.5,23.8,23.9,23.9,30.0,0.0,0.0,687,14.78,700,0.0,0.0,0.057,41.0,28,2021-08-30 11:03:00
355,29.679,1101,2021,8,35,242,30,1,12,2021_8_30_12_0,1011.4,23.9,24.0,23.8,50,12.9,15.8,8.0,2.01,20.9,23.9,23.9,23.9,30.1,0.0,0.0,722,15.53,756,0.46,0.0,0.058,44.1,26,2021-08-30 12:00:00
356,26.349,1101,2021,8,35,242,30,1,12,2021_8_30_12_1,1010.9,24.0,24.1,23.9,49,12.6,15.6,6.4,1.61,16.1,24.0,23.9,23.9,30.1,0.0,0.0,743,15.98,784,0.0,0.0,0.059,47.1,46,2021-08-30 12:01:00
357,30.301,1101,2021,8,35,242,30,1,12,2021_8_30_12_2,1011.2,24.3,24.3,23.9,49,12.9,15.8,6.4,1.61,16.1,24.3,24.2,24.2,30.4,0.0,0.0,768,16.52,782,0.0,0.0,0.062,44.5,59,2021-08-30 12:02:00
358,30.257,1101,2021,8,35,242,30,1,12,2021_8_30_12_3,1011.0,24.6,24.6,24.3,54,14.6,17.2,8.0,2.01,19.3,24.6,24.6,24.6,30.8,0.0,0.0,826,17.77,865,0.0,0.0,0.065,43.2,55,2021-08-30 12:03:00
359,29.898,1101,2021,8,35,242,30,1,13,2021_8_30_13_0,1011.2,24.6,24.7,24.3,48,12.8,15.8,6.4,1.61,16.1,24.6,24.4,24.4,30.6,0.0,0.0,786,16.91,879,0.51,0.0,0.065,46.6,61,2021-08-30 13:00:00
360,28.802,1101,2021,8,35,242,30,1,13,2021_8_30_13_1,1011.2,25.1,25.1,24.6,49,13.6,16.5,4.8,1.21,12.9,25.1,24.9,24.9,31.2,0.0,0.0,806,17.34,821,0.0,0.0,0.07,40.7,62,2021-08-30 13:01:00
361,29.073,1101,2021,8,35,242,30,1,13,2021_8_30_13_2,1011.2,25.5,25.5,25.1,47,13.4,16.4,3.2,0.8,9.7,25.5,25.3,25.3,31.5,0.0,0.0,789,16.97,795,0.0,0.0,0.075,37.9,64,2021-08-30 13:02:00
362,29.574,1101,2021,8,35,242,30,1,13,2021_8_30_13_3,1011.0,25.7,25.7,25.5,47,13.5,16.5,4.8,1.21,12.9,25.7,25.4,25.4,31.7,0.0,0.0,793,17.06,798,0.0,0.0,0.076,40.4,66,2021-08-30 13:03:00
363,28.614,1101,2021,8,35,242,30,1,14,2021_8_30_14_0,1010.8,25.6,25.8,25.6,45,12.7,15.9,4.8,1.21,14.5,25.6,25.2,25.2,31.3,0.0,0.0,717,15.42,802,0.51,0.0,0.075,38.5,18,2021-08-30 14:00:00
364,27.788,1101,2021,8,35,242,30,1,14,2021_8_30_14_1,1010.8,25.5,25.6,25.3,47,13.4,16.4,4.8,1.21,12.9,25.5,25.3,25.3,30.0,0.0,0.0,475,10.22,701,0.0,0.0,0.075,39.0,60,2021-08-30 14:01:00
365,28.292,1101,2021,8,35,242,30,1,14,2021_8_30_14_2,1010.2,26.0,26.2,25.5,40,11.4,14.9,3.2,0.8,11.3,26.0,25.3,25.3,31.4,0.0,0.0,686,14.76,865,0.0,0.0,0.08,47.2,24,2021-08-30 14:02:00
366,27.017,1101,2021,8,35,242,30,1,14,2021_8_30_14_3,1010.4,25.9,26.0,25.8,49,14.4,17.2,3.2,0.8,20.9,25.9,25.8,25.8,29.6,0.0,0.0,369,7.94,464,0.0,0.0,0.079,42.4,65,2021-08-30 14:03:00
367,28.49,1101,2021,8,35,242,30,1,15,2021_8_30_15_0,1010.1,25.9,26.3,25.9,41,11.7,15.1,3.2,0.8,12.9,25.9,25.3,25.3,31.4,0.0,0.0,731,15.72,874,0.41,0.0,0.079,40.1,37,2021-08-30 15:00:00
368,29.753,1101,2021,8,35,242,30,1,15,2021_8_30_15_1,1010.6,26.1,26.1,25.8,43,12.6,15.8,4.8,1.21,11.3,26.1,25.6,25.6,31.6,0.0,0.0,643,13.83,749,0.0,0.0,0.081,37.1,49,2021-08-30 15:01:00
369,28.745,1101,2021,8,35,242,30,1,15,2021_8_30_15_2,1010.2,26.7,26.7,26.1,41,12.4,15.8,3.2,0.8,6.4,26.7,26.1,26.1,32.1,0.0,0.0,696,14.97,715,0.0,0.0,0.087,35.4,28,2021-08-30 15:02:00
370,28.872,1101,2021,8,35,242,30,1,15,2021_8_30_15_3,1009.7,26.8,27.0,26.7,42,12.8,16.1,4.8,1.21,12.9,26.8,26.2,26.2,32.3,0.0,0.0,666,14.33,679,0.0,0.0,0.088,41.0,50,2021-08-30 15:03:00
371,28.911,1101,2021,8,35,242,30,1,16,2021_8_30_16_0,1009.9,26.9,26.9,26.7,44,13.6,16.7,4.8,1.21,12.9,26.9,26.5,26.5,32.5,0.0,0.0,638,13.72,652,0.46,0.0,0.089,34.7,42,2021-08-30 16:00:00
372,28.593,1101,2021,8,35,242,30,1,16,2021_8_30_16_1,1009.7,26.9,27.1,26.9,42,12.9,16.2,8.0,2.01,14.5,26.9,26.4,26.4,32.4,0.0,0.0,606,13.04,619,0.0,0.0,0.09,46.2,35,2021-08-30 16:01:00
373,28.493,1101,2021,8,35,242,30,1,16,2021_8_30_16_2,1009.7,26.7,26.9,26.7,40,12.0,15.5,8.0,2.01,17.7,26.7,26.0,26.0,31.9,0.0,0.0,574,12.35,591,0.0,0.0,0.087,38.3,40,2021-08-30 16:02:00
374,28.979,1101,2021,8,35,242,30,1,16,2021_8_30_16_3,1009.6,26.8,26.9,26.7,40,12.1,15.6,8.0,2.01,16.1,26.8,26.1,26.1,31.9,0.0,0.0,541,11.64,563,0.0,0.0,0.089,41.1,24,2021-08-30 16:03:00
375,27.79,1101,2021,8,35,242,30,1,17,2021_8_30_17_0,1009.9,26.9,26.9,26.7,43,13.3,16.4,6.4,1.61,16.1,26.9,26.4,26.4,32.1,0.0,0.0,510,10.97,531,0.43,0.0,0.089,44.3,36,2021-08-30 17:00:00
376,28.323,1101,2021,8,35,242,30,1,17,2021_8_30_17_1,1009.9,27.0,27.2,26.9,43,13.4,16.5,6.4,1.61,14.5,27.0,26.5,26.5,32.3,0.0,0.0,495,10.65,527,0.0,0.0,0.09,39.4,30,2021-08-30 17:01:00
377,28.261,1101,2021,8,35,242,30,1,17,2021_8_30_17_2,1010.1,27.3,27.3,27.0,40,12.5,15.9,3.2,0.8,9.7,27.3,26.6,26.6,32.0,0.0,0.0,442,9.51,462,0.0,0.0,0.093,40.3,15,2021-08-30 17:02:00
378,28.038,1101,2021,8,35,242,30,1,17,2021_8_30_17_3,1010.2,27.7,27.7,27.2,45,14.7,17.6,3.2,0.8,9.7,27.7,27.5,27.5,33.0,0.0,0.0,410,8.82,434,0.0,0.0,0.097,43.4,12,2021-08-30 17:03:00
379,25.823,1101,2021,8,35,242,30,1,18,2021_8_30_18_0,1009.4,26.7,27.7,26.7,42,12.7,16.0,4.8,1.21,22.5,26.7,26.1,26.1,29.9,0.0,0.0,246,5.29,366,0.3,0.0,0.087,44.6,11,2021-08-30 18:00:00
380,25.507,1101,2021,8,35,242,30,1,18,2021_8_30_18_1,1009.9,26.2,26.6,26.2,47,14.0,16.9,3.2,0.8,6.4,26.2,26.0,26.0,28.8,0.0,0.0,172,3.7,332,0.0,0.0,0.082,51.8,12,2021-08-30 18:01:00
381,26.023,1101,2021,8,35,242,30,1,18,2021_8_30_18_2,1010.2,26.6,26.6,26.2,43,13.0,16.2,3.2,0.8,8.0,26.6,26.1,26.1,30.0,0.0,0.0,245,5.27,299,0.0,0.0,0.086,47.0,10,2021-08-30 18:02:00
382,25.287,1101,2021,8,35,242,30,1,18,2021_8_30_18_3,1009.8,26.7,27.0,26.6,43,13.1,16.3,0.0,0.0,3.2,26.7,26.2,26.2,28.7,0.0,0.0,152,3.27,264,0.0,0.0,0.087,53.9,4,2021-08-30 18:03:00
383,24.177,1101,2021,8,35,242,30,1,19,2021_8_30_19_0,1009.8,25.7,26.7,25.7,52,15.1,17.7,1.6,0.4,4.8,25.7,25.7,25.7,26.5,0.0,0.0,63,1.36,79,0.13,0.0,0.076,55.7,2,2021-08-30 19:00:00
384,22.429,1101,2021,8,35,242,30,1,19,2021_8_30_19_1,1009.9,22.3,25.7,22.3,55,12.8,15.4,12.9,3.22,29.0,21.8,22.0,21.5,21.4,0.0,0.0,34,0.73,42,0.0,0.0,0.041,50.6,1,2021-08-30 19:01:00
385,20.713,1101,2021,8,35,242,30,1,19,2021_8_30_19_2,1009.8,20.3,22.3,20.3,62,12.8,15.0,11.3,2.82,20.9,20.3,20.1,20.1,19.0,0.0,0.0,17,0.37,26,0.0,0.0,0.02,57.7,0,2021-08-30 19:02:00
386,19.676,1101,2021,8,35,242,30,1,19,2021_8_30_19_3,1010.5,19.2,20.3,19.2,69,13.4,15.2,9.7,2.41,22.5,19.2,19.2,19.2,18.0,0.0,0.0,9,0.19,12,0.0,0.0,0.009,63.6,0,2021-08-30 19:03:00
391,18.992,1101,2021,8,35,242,30,1,20,2021_8_30_20_0,1010.6,18.6,19.2,18.6,73,13.7,15.2,11.3,2.82,20.9,18.6,18.6,18.6,17.4,0.0,0.0,2,0.04,5,0.08,0.0,0.003,68.2,0,2021-08-30 20:00:00
392,18.611,1101,2021,8,35,242,30,1,20,2021_8_30_20_1,1010.8,18.2,18.6,18.2,76,13.9,15.3,11.3,2.82,20.9,18.2,18.2,18.2,17.0,0.0,0.0,0,0.0,0,0.0,0.002,0.0,70.9,0,2021-08-30 20:01:00
393,18.481,1101,2021,8,35,242,30,1,20,2021_8_30_20_2,1011.1,18.2,18.3,18.1,76,13.9,15.3,9.7,2.41,19.3,18.2,18.3,18.3,17.0,0.0,0.0,0,0.0,0,0.0,0.001,0.0,72.5,0,2021-08-30 20:02:00
394,18.536,1101,2021,8,35,242,30,1,20,2021_8_30_20_3,1011.4,18.4,18.4,18.2,75,13.9,15.3,9.7,2.41,19.3,18.4,18.5,18.5,17.2,0.0,0.0,0,0.0,0,0.0,0.0,0.001,70.3,0,2021-08-30 20:03:00
395,18.384,1101,2021,8,35,242,30,1,21,2021_8_30_21_0,1011.5,18.3,18.4,18.3,74,13.6,15.1,6.4,1.61,16.1,18.3,18.3,18.3,17.0,0.0,0.0,0,0.0,0,0.05,0.001,0.0,69.5,0,2021-08-30 21:00:00
396,18.124,1101,2021,8,35,242,30,1,21,2021_8_30_21_1,1011.8,18.1,18.3,18.1,74,13.4,14.9,6.4,1.61,19.3,18.1,18.1,18.1,16.8,0.0,0.0,0,0.0,0,0.0,0.002,0.0,71.2,0,2021-08-30 21:01:00
397,18.008,1101,2021,8,35,242,30,1,21,2021_8_30_21_2,1011.9,18.1,18.2,18.1,75,13.6,15.0,8.0,2.01,17.7,18.1,18.1,18.1,16.8,0.0,0.0,0,0.0,0,0.0,0.003,0.0,72.6,0,2021-08-30 21:02:00
398,17.953,1101,2021,8,35,242,30,1,21,2021_8_30_21_3,1012.1,17.8,18.1,17.8,76,13.5,15.0,6.4,1.61,14.5,17.8,17.8,17.8,16.5,0.0,0.0,0,0.0,0,0.0,0.005,0.0,72.6,0,2021-08-30 21:03:00
399,17.849,1101,2021,8,35,242,30,1,22,2021_8_30_22_0,1012.4,17.8,17.8,17.8,77,13.7,15.0,6.4,1.61,14.5,17.8,17.8,17.8,16.5,0.0,0.0,0,0.0,0,0.05,0.006,0.0,74.2,0,2021-08-30 22:00:00
400,17.657,1101,2021,8,35,242,30,1,22,2021_8_30_22_1,1012.4,17.7,17.8,17.7,76,13.4,14.8,6.4,1.61,12.9,17.7,17.7,17.7,16.4,0.0,0.0,0,0.0,0,0.0,0.007,0.0,74.5,0,2021-08-30 22:01:00
401,17.491,1101,2021,8,35,242,30,1,22,2021_8_30_22_2,1012.3,17.4,17.7,17.4,78,13.6,14.9,4.8,1.21,12.9,17.4,17.5,17.5,16.2,0.0,0.0,0,0.0,0,0.0,0.009,0.0,75.8,0,2021-08-30 22:02:00
402,17.33,1101,2021,8,35,242,30,1,22,2021_8_30_22_3,1012.5,17.4,17.4,17.3,78,13.5,14.8,4.8,1.21,11.3,17.4,17.4,17.4,16.1,0.0,0.0,0,0.0,0,0.0,0.01,0.0,76.4,0,2021-08-30 22:03:00
403,17.497,1101,2021,8,35,242,30,1,23,2021_8_30_23_0,1012.6,17.4,17.4,17.4,77,13.4,14.7,4.8,1.21,12.9,17.4,17.5,17.5,16.2,0.0,0.0,0,0.0,0,0.03,0.009,0.0,74.8,0,2021-08-30 23:00:00
404,17.409,1101,2021,8,35,242,30,1,23,2021_8_30_23_1,1012.7,17.4,17.5,17.4,77,13.4,14.7,3.2,0.8,9.7,17.4,17.5,17.5,16.2,0.0,0.0,0,0.0,0,0.0,0.009,0.0,76.0,0,2021-08-30 23:01:00
405,17.174,1101,2021,8,35,242,30,1,23,2021_8_30_23_2,1012.5,17.3,17.5,17.3,78,13.4,14.7,1.6,0.4,6.4,17.3,17.3,17.3,16.0,0.0,0.0,0,0.0,0,0.0,0.011,0.0,79.2,0,2021-08-30 23:02:00
406,16.561,1101,2021,8,35,242,30,1,23,2021_8_30_23_3,1012.9,16.9,17.3,16.9,79,13.3,14.5,1.6,0.4,3.2,16.9,17.0,17.0,15.7,0.0,0.0,0,0.0,0,0.0,0.014,0.0,81.0,0,2021-08-30 23:03:00
